[0;1m                                                                                                                                            [0m
[0;1m                                   [38;2;75;222;172m:[38;2;70;191;150m+[38;2;58;178;130m+[38;2;65;201;142m+[38;2;66;191;142m+[38;2;59;208;144m+[38;2;58;217;142m+[38;2;68;208;137m+[38;2;77;201;141m+[38;2;63;187;136m+[38;2;59;193;140m+[38;2;64;207;145m+[38;2;54;186;126m+[38;2;61;196;141m+[38;2;61;206;149m+[38;2;56;205;143m+[38;2;70;175;132m+                    [38;2;96;205;152m+[38;2;45;196;115m*[38;2;25;210;111m*[38;2;18;223;122m*[38;2;21;230;126m*[38;2;21;231;123m#[38;2;15;226;117m#[38;2;23;225;132m#[38;2;22;233;130m#[38;2;20;239;124m#[38;2;22;235;121m#[38;2;23;238;126m*[38;2;34;223;130m*[38;2;39;214;127m*[38;2;36;221;119m*[38;2;75;209;141m*[38;2;80;208;155m+[38;2;76;209;162m:[38;2;73;209;159m.[38;2;54;206;134m+[38;2;49;205;128m:[38;2;53;208;133m.[38;2;67;216;147m+                                             [0m
[0;1m                               [38;2;53;220;164m+[38;2;49;206;148m+[38;2;34;208;134m*[38;2;20;234;136m#[38;2;22;250;151m#[38;2;24;250;149m#[38;2;23;247;142m@[38;2;17;248;138m@[38;2;22;250;149m@[38;2;16;240;139m@[38;2;13;239;134m@[38;2;16;247;140m@[38;2;17;251;148m@[38;2;16;246;140m@[38;2;16;244;136m@[38;2;19;246;140m@[38;2;21;249;146m@[38;2;26;242;150m#[38;2;28;230;145m*[38;2;32;215;134m*[38;2;61;215;155m+[38;2;58;202;151m+[38;2;49;206;145m+[38;2;41;227;143m*            [38;2;45;211;156m+[38;2;44;209;148m*[38;2;41;211;139m*[38;2;41;213;132m*[38;2;56;220;159m*[38;2;55;215;148m*[38;2;44;217;141m*[38;2;21;235;149m#[38;2;15;244;155m#[38;2;12;244;149m@[38;2;11;244;148m@[38;2;10;249;157m@[38;2;14;249;157m@[38;2;13;246;148m@[38;2;13;245;143m@[38;2;15;250;148m@[38;2;15;252;155m@[38;2;18;252;150m@[38;2;18;250;143m@[38;2;14;244;142m@[38;2;16;239;146m@[38;2;18;245;147m@[38;2;20;251;144m@[38;2;18;248;140m@[38;2;19;250;152m#[38;2;30;225;147m#[38;2;43;208;138m*[38;2;53;216;133m*[38;2;56;221;152m+[38;2;62;217;163m+[38;2;65;209;164m+[38;2;52;210;147m+[38;2;12;12;12m.                                        [0m
[0;1m                           [38;2;23;231;168m+[38;2;25;239;164m#[38;2;23;248;166m#[38;2;17;243;165m#[38;2;13;240;165m#[38;2;7;247;165m@[38;2;6;254;169m@[38;2;12;254;177m@[38;2;13;240;173m@[38;2;12;239;164m@[38;2;11;246;161m@[38;2;11;255;170m@[38;2;9;247;172m@[38;2;6;240;162m#[38;2;6;240;161m@[38;2;8;245;171m@[38;2;9;246;171m@[38;2;7;242;164m@[38;2;7;244;166m@[38;2;7;252;175m@[38;2;8;252;178m@[38;2;11;246;164m@[38;2;12;246;161m@[38;2;10;253;172m@[38;2;10;252;173m@[38;2;15;252;176m#[38;2;19;243;163m#[38;2;26;224;138m*[38;2;59;195;146m+[38;2;90;196;164m+    [38;2;12;12;12m.[38;2;67;215;164m*[38;2;35;225;159m#[38;2;23;226;153m#[38;2;16;235;161m#[38;2;11;252;179m#[38;2;10;240;161m@[38;2;8;246;163m@[38;2;7;249;172m@[38;2;9;246;183m@[38;2;11;246;177m@[38;2;10;250;170m@[38;2;8;251;168m@[38;2;6;247;174m@[38;2;11;245;185m@[38;2;8;246;177m@[38;2;4;248;171m@[38;2;5;250;183m@[38;2;12;245;189m@[38;2;11;244;178m@[38;2;10;247;169m@[38;2;10;252;171m@[38;2;11;245;178m@[38;2;9;238;166m@[38;2;8;239;161m@[38;2;9;252;174m@[38;2;15;252;179m@[38;2;10;250;169m@[38;2;6;247;160m@[38;2;8;242;163m@[38;2;12;239;161m@[38;2;12;247;159m@[38;2;12;255;157m@[38;2;15;255;157m@[38;2;10;249;154m@[38;2;10;249;153m@[38;2;13;248;148m#[38;2;13;234;127m#[38;2;26;226;129m*[38;2;61;220;146m*[38;2;120;215;177m+                                      [0m
[0;1m                       [38;2;88;212;186m+[38;2;54;223;179m*[38;2;24;239;182m#[38;2;11;250;191m#[38;2;12;233;186m#[38;2;8;241;188m#[38;2;7;251;193m@[38;2;13;252;201m@[38;2;14;245;213m#[38;2;16;246;201m#[38;2;16;246;191m#[38;2;15;240;197m#[38;2;8;242;204m#[38;2;6;245;201m#[38;2;8;249;198m#[38;2;11;253;202m@[38;2;12;250;207m#[38;2;9;245;191m@[38;2;5;246;183m@[38;2;5;252;190m@[38;2;13;244;194m@[38;2;10;241;187m@[38;2;8;241;185m@[38;2;8;243;190m@[38;2;10;238;195m@[38;2;10;246;193m@[38;2;9;251;190m@[38;2;7;252;190m@[38;2;9;248;193m@[38;2;14;249;179m@[38;2;14;247;169m@[38;2;11;244;168m@[38;2;22;248;180m#[38;2;28;243;176m#[38;2;29;232;165m*[38;2;26;220;153m*[38;2;27;232;170m#[38;2;25;244;174m#[38;2;20;248;177m@[38;2;11;239;182m@[38;2;12;246;194m@[38;2;13;247;191m@[38;2;11;246;190m@[38;2;7;245;192m@[38;2;8;246;197m@[38;2;7;249;190m@[38;2;8;252;192m@[38;2;8;254;203m@[38;2;8;248;204m@[38;2;7;243;193m@[38;2;6;241;188m@[38;2;6;246;197m@[38;2;8;246;205m@[38;2;7;247;197m@[38;2;6;246;192m@[38;2;5;242;200m@[38;2;8;241;207m@[38;2;7;247;196m@[38;2;7;251;190m@[38;2;7;247;198m@[38;2;11;244;205m@[38;2;8;242;192m@[38;2;5;245;185m@[38;2;7;250;197m@[38;2;8;239;197m@[38;2;7;239;188m@[38;2;7;243;183m@[38;2;8;249;186m@[38;2;13;246;193m@[38;2;8;246;182m@[38;2;6;249;169m@[38;2;11;254;162m@[38;2;13;253;175m@[38;2;12;252;178m@[38;2;9;249;171m@[38;2;8;244;157m@[38;2;16;250;158m@[38;2;20;254;159m@[38;2;16;250;157m@[38;2;20;240;155m#[38;2;20;244;160m#[38;2;23;245;163m*[38;2;38;215;150m*[38;2;41;213;149m*[38;2;46;215;150m*[38;2;51;220;152m+[38;2;46;216;154m*[38;2;59;219;176m+[38;2;76;200;169m+[38;2;93;162;136m:                           [0m
[0;1m                    [38;2;12;12;12m.[38;2;56;234;205m*[38;2;15;242;196m#[38;2;11;247;211m#[38;2;18;236;194m#[38;2;25;232;183m#[38;2;30;238;184m*[38;2;29;239;193m*[38;2;32;227;178m*[38;2;32;224;166m*[38;2;27;238;174m*[38;2;27;235;189m*[38;2;30;237;200m*[38;2;31;236;201m*[38;2;25;229;192m*[38;2;11;231;207m*[38;2;22;234;210m#[38;2;33;237;212m#[38;2;28;238;217m#[38;2;20;237;222m#[38;2;18;248;231m#[38;2;17;250;230m#[38;2;16;243;221m#[38;2;16;243;236m#[38;2;11;244;229m#[38;2;8;248;226m#[38;2;10;252;232m#[38;2;12;243;237m#[38;2;8;237;217m#[38;2;9;238;209m#[38;2;13;244;218m#[38;2;11;245;232m#[38;2;10;243;215m#[38;2;8;244;203m@[38;2;7;250;201m@[38;2;10;248;208m@[38;2;7;250;196m@[38;2;5;252;196m@[38;2;6;252;210m@[38;2;7;246;212m@[38;2;8;243;210m@[38;2;8;245;214m@[38;2;8;255;231m@[38;2;8;247;233m@[38;2;5;243;222m@[38;2;4;245;224m@[38;2;7;250;237m@[38;2;7;245;240m@[38;2;5;242;230m@[38;2;5;242;226m@[38;2;6;244;229m@[38;2;5;240;233m@[38;2;7;243;230m@[38;2;7;246;231m@[38;2;5;248;237m@[38;2;9;242;235m#[38;2;10;245;232m@[38;2;8;249;228m@[38;2;2;246;227m@[38;2;8;241;239m@[38;2;6;242;227m@[38;2;5;246;218m@[38;2;8;252;230m@[38;2;5;246;229m#[38;2;4;244;219m@[38;2;4;244;213m@[38;2;5;244;219m@[38;2;7;243;229m@[38;2;6;244;220m@[38;2;5;245;210m@[38;2;5;243;208m@[38;2;8;243;227m@[38;2;8;248;217m@[38;2;8;251;204m@[38;2;7;248;203m@[38;2;9;250;209m@[38;2;8;250;209m@[38;2;7;250;206m@[38;2;5;250;200m@[38;2;10;251;199m@[38;2;11;252;198m@[38;2;6;253;195m@[38;2;6;253;193m@[38;2;8;253;192m@[38;2;11;254;190m@[38;2;16;255;191m@[38;2;12;255;188m@[38;2;12;254;185m@[38;2;16;254;182m@[38;2;17;252;177m@[38;2;22;247;179m#[38;2;38;227;171m#[38;2;61;198;154m#                           [0m
[0;1m                  [38;2;64;218;211m*[38;2;39;238;233m*[38;2;19;240;229m#[38;2;12;239;223m#[38;2;15;236;219m#[38;2;23;225;214m*[38;2;45;227;202m*[38;2;58;226;198m+[38;2;61;221;202m+[38;2;62;222;203m.  [38;2;32;235;176m.  [38;2;35;237;210m.[38;2;44;240;219m+[38;2;42;227;207m+[38;2;44;226;211m*[38;2;46;230;221m*[38;2;44;234;229m*[38;2;42;231;226m#[38;2;37;238;231m#[38;2;36;245;240m#[38;2;36;245;246m#[38;2;20;234;242m#[38;2;24;239;239m#[38;2;24;247;242m#[38;2;19;249;247m#[38;2;16;230;233m#[38;2;22;233;228m*[38;2;23;234;222m*[38;2;19;230;217m*[38;2;11;227;229m*[38;2;14;244;236m#[38;2;13;254;241m#[38;2;8;251;242m@[38;2;10;240;234m@[38;2;11;241;228m@[38;2;9;244;230m@[38;2;4;248;240m@[38;2;6;250;246m@[38;2;6;251;245m@[38;2;6;250;244m@[38;2;5;246;247m@[38;2;9;250;255m@[38;2;7;243;248m@[38;2;7;238;242m@[38;2;9;237;245m@[38;2;8;229;254m#[38;2;6;236;253m#[38;2;5;241;253m#[38;2;5;240;254m#[38;2;12;238;252m#[38;2;10;236;248m#[38;2;8;238;246m@[38;2;6;243;250m@[38;2;9;243;255m@[38;2;9;243;249m@[38;2;8;243;244m@[38;2;5;243;250m@[38;2;9;241;255m@[38;2;6;243;250m@[38;2;4;246;245m@[38;2;6;249;247m@[38;2;4;244;249m#[38;2;4;244;241m@[38;2;5;245;236m@[38;2;5;243;243m@[38;2;10;242;251m@[38;2;8;245;246m@[38;2;6;248;242m@[38;2;7;246;248m@[38;2;8;239;251m#[38;2;9;240;240m@[38;2;8;243;229m@[38;2;6;243;229m@[38;2;7;249;242m@[38;2;6;251;245m@[38;2;4;248;240m@[38;2;5;240;231m@[38;2;7;246;229m@[38;2;7;249;227m@[38;2;4;245;222m@[38;2;4;244;226m@[38;2;5;248;224m@[38;2;7;254;220m@[38;2;13;255;216m@[38;2;7;250;215m@[38;2;7;251;216m@[38;2;11;255;217m@[38;2;10;253;212m@[38;2;10;248;203m@[38;2;11;249;200m@[38;2;16;254;201m@[38;2;22;243;188m#[38;2;36;228;177m*[38;2;45;218;171m+                        [0m
[0;1m               [38;2;68;191;197m:[38;2;60;209;210m*[38;2;39;232;233m#[38;2;15;248;252m#[38;2;10;242;252m#[38;2;20;230;235m#[38;2;36;228;221m*[38;2;47;226;210m+[38;2;35;207;201m+[38;2;53;211;202m+[38;2;61;216;206m+[38;2;58;219;212m+[38;2;61;230;227m+[38;2;60;230;229m+[38;2;61;224;218m+[38;2;65;213;196m+[38;2;65;213;197m.    [38;2;62;221;210m:[38;2;67;215;215m+[38;2;37;208;217m+[38;2;25;228;234m*[38;2;30;237;239m*[38;2;35;239;239m#[38;2;33;239;241m#[38;2;29;241;248m#[38;2;30;237;240m#[38;2;37;232;235m#[38;2;42;232;239m*[38;2;25;243;246m*[38;2;47;227;223m*[38;2;49;213;206m*[38;2;27;212;204m*[38;2;15;242;252m#[38;2;12;245;248m#[38;2;9;244;245m@[38;2;6;245;250m@[38;2;7;250;254m@[38;2;11;251;252m@[38;2;11;250;252m@[38;2;9;248;255m@[38;2;12;248;255m@[38;2;8;246;252m@[38;2;5;243;249m@[38;2;5;240;252m@[38;2;9;230;253m#[38;2;7;231;251m#[38;2;6;237;255m#[38;2;8;243;255m#[38;2;16;229;255m#[38;2;13;232;254m#[38;2;9;234;255m#[38;2;7;233;255m#[38;2;8;234;255m#[38;2;6;231;253m#[38;2;4;232;251m@[38;2;2;238;255m@[38;2;6;224;254m#[38;2;9;229;251m@[38;2;9;237;251m@[38;2;5;238;255m@[38;2;5;234;255m@[38;2;5;231;250m@[38;2;5;231;246m@[38;2;3;235;252m@[38;2;2;232;253m#[38;2;3;235;250m@[38;2;4;238;249m@[38;2;6;238;252m@[38;2;6;232;255m@[38;2;6;237;250m@[38;2;5;242;248m@[38;2;6;242;255m@[38;2;8;241;255m#[38;2;6;241;251m@[38;2;5;241;243m@[38;2;6;238;241m@[38;2;6;236;246m#[38;2;5;238;248m#[38;2;6;241;247m#[38;2;12;237;251m#[38;2;9;241;248m#[38;2;7;241;242m#[38;2;9;236;233m#[38;2;4;241;244m#[38;2;3;246;245m@[38;2;4;250;240m@[38;2;6;246;237m@[38;2;5;245;236m@[38;2;7;245;233m@[38;2;11;249;232m@[38;2;12;255;242m@[38;2;9;255;234m@[38;2;8;252;226m@[38;2;10;248;220m@[38;2;11;253;223m@[38;2;15;254;219m#[38;2;30;237;207m#[38;2;57;208;192m+[38;2;86;207;201m+                      [0m
[0;1m              [38;2;61;217;232m*[38;2;23;242;254m#[38;2;16;243;252m#[38;2;15;240;243m#[38;2;20;232;233m*[38;2;33;211;225m*[38;2;63;215;215m*[38;2;62;217;211m*[38;2;48;217;214m+[38;2;59;219;222m+[38;2;56;222;229m+[38;2;46;209;220m+[38;2;34;188;200m+[38;2;44;218;228m+[38;2;48;221;232m+[38;2;51;214;226m+[38;2;56;205;219m+[38;2;39;196;213m+[38;2;28;194;210m+[38;2;35;204;211m+[38;2;67;223;218m+[38;2;64;208;216m:[38;2;65;204;216m.[38;2;68;193;203m.[38;2;72;173;178m+[38;2;58;223;222m+[38;2;45;240;238m*[38;2;44;233;236m*[38;2;54;220;227m#[38;2;46;234;240m#[38;2;41;232;234m#[38;2;42;228;228m#[38;2;48;226;227m*[38;2;49;231;234m*[38;2;58;226;234m*[38;2;53;223;234m*[38;2;32;226;239m#[38;2;14;249;255m@[38;2;8;242;252m@[38;2;7;239;251m@[38;2;8;243;255m@[38;2;11;241;255m@[38;2;8;236;250m@[38;2;5;232;246m@[38;2;3;229;250m@[38;2;8;235;255m@[38;2;6;228;252m@[38;2;5;225;246m#[38;2;10;228;249m#[38;2;12;220;255m#[38;2;19;222;244m#[38;2;17;220;242m#[38;2;7;215;255m#[38;2;10;218;255m#[38;2;8;212;253m@[38;2;6;211;253m@[38;2;5;215;255m@[38;2;8;209;255m@[38;2;6;208;251m@[38;2;5;209;248m@[38;2;5;213;251m@[38;2;7;211;255m@[38;2;8;210;249m@[38;2;7;210;241m@[38;2;7;208;243m@[38;2;6;203;250m@[38;2;5;207;249m@[38;2;6;214;247m@[38;2;9;219;251m@[38;2;5;214;254m@[38;2;5;215;247m@[38;2;6;219;244m@[38;2;6;223;251m@[38;2;7;221;255m@[38;2;7;219;250m@[38;2;7;218;244m@[38;2;5;218;248m@[38;2;3;216;255m@[38;2;5;219;249m@[38;2;5;225;246m@[38;2;4;234;254m@[38;2;7;238;255m@@[38;2;7;234;253m@[38;2;10;225;248m@[38;2;12;230;250m@[38;2;12;227;244m#[38;2;12;209;227m#[38;2;11;222;243m#[38;2;9;230;249m#[38;2;6;236;249m#[38;2;3;245;252m@[38;2;3;243;251m@[38;2;4;242;248m@[38;2;5;242;245m@[38;2;7;248;250m@[38;2;8;247;243m@[38;2;10;251;245m@[38;2;12;255;253m@[38;2;12;252;246m@[38;2;10;250;232m@[38;2;10;251;225m@[38;2;15;253;226m@[38;2;27;242;225m#[38;2;57;235;226m*[38;2;73;232;226m:                    [0m
[0;1m            [38;2;93;216;222m+[38;2;48;220;226m#[38;2;12;245;255m#[38;2;15;239;255m#[38;2;31;229;235m#[38;2;43;219;222m*[38;2;47;211;219m+[38;2;42;203;219m+[38;2;42;199;214m+[38;2;46;197;220m+[38;2;50;193;225m+[38;2;51;183;213m*[38;2;53;193;219m*[38;2;50;194;220m*[38;2;43;189;217m*[38;2;41;219;244m*[38;2;43;225;250m#[38;2;37;212;243m#[38;2;19;187;228m#[38;2;32;186;229m*[38;2;40;192;227m*[38;2;46;196;220m*[38;2;50;196;210m*[38;2;55;216;242m+[38;2;50;189;232m*[38;2;44;163;217m+  [38;2;48;223;225m:[38;2;35;212;218m+[38;2;24;204;215m*[38;2;50;215;231m#[38;2;52;229;237m#[38;2;55;229;234m#[38;2;58;216;224m#[38;2;46;209;225m*[38;2;29;228;239m#[38;2;17;240;252m#[38;2;12;243;255m@[38;2;10;234;254m@[38;2;9;236;255m@[38;2;9;238;255m@[38;2;10;235;255m@[38;2;11;219;255m@[38;2;6;217;250m@[38;2;4;220;251m@[38;2;6;222;255m@[38;2;10;204;255m#[38;2;13;201;249m#[38;2;13;201;243m#[38;2;10;204;243m#[38;2;11;206;253m#[38;2;8;199;248m#[38;2;6;192;243m#[38;2;4;185;242m@[38;2;4;177;249m@[38;2;3;180;249m@[38;2;3;185;252m@[38;2;4;188;255m@[38;2;10;183;255m@[38;2;8;180;250m@[38;2;5;185;248m@[38;2;5;196;252m@[38;2;8;179;249m@[38;2;7;183;246m@[38;2;7;192;248m@[38;2;7;197;255m@[38;2;4;185;248m@[38;2;2;182;239m@[38;2;3;184;236m@[38;2;8;186;244m@[38;2;3;185;247m@[38;2;5;190;246m@[38;2;5;192;243m@[38;2;2;186;242m@[38;2;4;188;251m@[38;2;5;196;252m@[38;2;6;204;253m@[38;2;7;207;255m@[38;2;9;195;252m@[38;2;7;196;247m@[38;2;6;199;244m@[38;2;8;199;247m@[38;2;7;199;251m@[38;2;8;206;255m@[38;2;8;215;255m@[38;2;8;217;255m@[38;2;8;212;254m@[38;2;7;206;245m@[38;2;7;200;238m#[38;2;12;201;242m#[38;2;12;198;232m#[38;2;10;199;221m#[38;2;12;214;239m#[38;2;10;219;247m#[38;2;6;227;253m#[38;2;3;233;255m@[38;2;7;227;255m@[38;2;6;230;249m@[38;2;6;237;248m@[38;2;6;246;255m@[38;2;6;247;255m@[38;2;10;248;254m@[38;2;11;253;254m@[38;2;9;255;255m@[38;2;9;252;252m@[38;2;7;253;245m@[38;2;12;251;239m@[38;2;31;239;231m#[38;2;73;212;210m*                  [0m
[0;1m           [38;2;52;209;227m*[38;2;22;232;247m#[38;2;11;242;255m#[38;2;22;232;247m#[38;2;22;208;229m*[38;2;50;199;213m*[38;2;59;197;213m*[38;2;54;197;221m*[38;2;46;193;228m*[38;2;30;200;243m#[38;2;14;191;249m#[38;2;4;176;249m#[38;2;11;178;246m#[38;2;10;181;245m#[38;2;8;181;246m#[38;2;7;180;249m#[38;2;8;179;253m#[38;2;8;183;250m@[38;2;8;183;247m@[38;2;5;174;247m@[38;2;4;174;255m@[38;2;8;181;254m#[38;2;13;190;252m#[38;2;21;196;248m#[38;2;47;173;219m*[38;2;49;159;206m+[38;2;44;155;200m+[38;2;39;165;197m+[38;2;39;166;198m. [38;2;27;103;107m:[38;2;60;169;177m=[38;2;35;171;183m+[38;2;39;180;190m+[38;2;44;207;219m@[38;2;32;206;224m@[38;2;11;202;231m@[38;2;9;213;235m@[38;2;9;238;255m@[38;2;7;240;255m@[38;2;7;228;255m@[38;2;8;215;253m@[38;2;8;209;253m@[38;2;8;206;255m@[38;2;9;190;253m@[38;2;6;188;251m@[38;2;4;175;233m@[38;2;4;174;232m@[38;2;9;162;227m@[38;2;8;163;217m@[38;2;8;163;215m@[38;2;12;160;229m@[38;2;9;162;235m@[38;2;6;158;234m@[38;2;5;168;250m@[38;2;6;165;249m@[38;2;6;153;245m@[38;2;6;160;248m@[38;2;6;162;250m@[38;2;6;159;250m@[38;2;5;161;255m@[38;2;5;157;246m@[38;2;4;159;242m@[38;2;4;167;248m@[38;2;5;154;242m@[38;2;5;157;241m@[38;2;5;163;242m@[38;2;6;164;247m@[38;2;4;166;252m@[38;2;4;168;250m@[38;2;5;170;250m@[38;2;5;169;254m@[38;2;6;160;244m@[38;2;7;165;241m@[38;2;7;172;246m@[38;2;5;176;255m@[38;2;6;170;252m@[38;2;9;174;252m@[38;2;10;175;249m@[38;2;5;167;242m@[38;2;6;169;247m@[38;2;7;173;249m@[38;2;8;179;251m@[38;2;10;183;255m@[38;2;10;179;252m@[38;2;10;178;250m@[38;2;9;179;249m@[38;2;4;177;248m@[38;2;6;179;247m@[38;2;8;184;248m@[38;2;11;187;251m@[38;2;8;180;245m@[38;2;6;179;243m@[38;2;7;171;227m@[38;2;14;182;230m@[38;2;22;187;227m@[38;2;18;190;227m@[38;2;6;192;231m@[38;2;7;214;254m@[38;2;6;224;255m@[38;2;6;229;255m@[38;2;7;230;255m@[38;2;8;237;255m@[38;2;11;239;255m@[38;2;12;244;255m@[38;2;9;252;255m@[38;2;10;250;255m@[38;2;10;251;255m@[38;2;12;254;255m@[38;2;14;255;255m@[38;2;9;250;252m@[38;2;35;217;224m@[38;2;48;193;201m=                [0m
[0;1m         [38;2;12;12;12m.[38;2;28;201;216m*[38;2;18;218;249m#[38;2;17;229;248m#[38;2;35;218;229m*[38;2;58;194;209m*[38;2;47;200;225m*[38;2;44;210;239m*[38;2;30;202;247m#[38;2;14;185;249m#[38;2;10;175;242m#[38;2;10;173;249m@[38;2;9;172;249m#[38;2;8;168;243m#[38;2;11;156;235m#[38;2;10;159;239m#[38;2;9;164;243m#[38;2;9;167;246m#[38;2;11;163;251m#[38;2;10;166;253m@[38;2;9;166;252m@[38;2;8;160;248m@[38;2;13;158;248m@[38;2;9;153;238m@[38;2;6;152;235m@[38;2;11;159;245m#[38;2;24;158;245m#[38;2;35;153;236m*[38;2;46;144;215m*[38;2;56;130;186m*[38;2;60;145;203m+[38;2;40;100;138m*[38;2;41;109;139m*[38;2;55;163;185m=[38;2;42;170;197m+[38;2;29;198;226m@[38;2;15;200;230m@[38;2;7;199;234m@[38;2;8;223;253m@[38;2;7;210;250m@[38;2;8;206;249m@[38;2;9;212;253m@[38;2;9;191;249m@[38;2;7;176;240m@[38;2;6;171;237m@[38;2;6;168;238m@[38;2;9;135;212m@[38;2;10;139;216m@[38;2;9;156;238m#[38;2;6;145;223m@[38;2;7;144;232m#[38;2;9;147;227m#[38;2;11;145;226m#[38;2;11;134;230m#[38;2;8;135;225m@[38;2;4;133;221m@[38;2;5;131;221m@[38;2;9;131;226m@[38;2;7;125;218m@[38;2;6;127;218m@[38;2;5;126;219m@[38;2;7;119;221m@[38;2;10;121;222m@[38;2;7;121;219m@[38;2;6;122;217m@[38;2;7;125;218m@[38;2;10;130;222m@[38;2;9;143;237m@[38;2;9;149;240m@[38;2;13;157;248m@[38;2;9;147;243m@[38;2;10;145;238m@[38;2;10;149;240m@[38;2;8;155;250m@[38;2;9;148;248m@[38;2;9;150;246m@[38;2;9;151;243m@[38;2;8;150;241m@[38;2;9;147;245m@[38;2;11;148;240m@[38;2;11;149;239m@[38;2;8;150;244m@[38;2;10;149;244m@[38;2;8;150;244m@[38;2;7;152;245m@[38;2;7;156;245m@[38;2;11;155;246m@[38;2;13;156;247m@[38;2;13;156;249m@[38;2;11;162;250m@[38;2;13;165;249m@[38;2;14;166;247m@[38;2;12;165;248m@[38;2;13;168;251m@[38;2;10;165;248m@[38;2;7;162;241m@[38;2;9;157;222m@[38;2;11;160;219m@[38;2;18;168;227m#[38;2;24;162;223m#[38;2;22;165;226m@[38;2;11;172;229m@[38;2;6;180;229m@[38;2;8;202;247m@[38;2;7;206;250m@[38;2;9;211;250m@[38;2;9;216;250m@[38;2;7;223;251m@[38;2;9;230;253m@[38;2;9;231;252m@[38;2;10;234;251m@[38;2;10;240;252m@[38;2;12;242;253m@[38;2;10;242;250m@[38;2;21;214;223m@[38;2;41;183;191m+               [0m
[0;1m         [38;2;38;154;167m+[38;2;35;224;238m*[38;2;19;211;248m#[38;2;16;211;246m#[38;2;13;207;248m#[38;2;11;200;254m#[38;2;17;194;255m#[38;2;11;178;250m#[38;2;7;170;246m@[38;2;8;168;247m@[38;2;15;171;254m@[38;2;13;155;236m#[38;2;22;145;213m*[38;2;38;142;196m+[38;2;52;141;196m+[38;2;52;151;207m+[38;2;41;153;217m+[38;2;22;147;224m*[38;2;21;148;246m#[38;2;14;147;247m#[38;2;9;144;243m@[38;2;10;143;245m@[38;2;17;145;251m@[38;2;14;148;254m@[38;2;9;150;253m@[38;2;9;148;247m@[38;2;17;139;233m#[38;2;30;136;219m*[38;2;40;129;200m*[38;2;42;116;177m*[38;2;62;139;201m+[38;2;39;128;172m+[38;2;23;141;184m+[38;2;18;173;226m@[38;2;15;196;251m@[38;2;11;199;250m@[38;2;9;203;250m@[38;2;7;206;250m@[38;2;7;201;250m@[38;2;9;193;248m@[38;2;9;182;246m@[38;2;8;170;237m@[38;2;12;160;238m@[38;2;9;142;222m#[38;2;7;136;219m#[38;2;8;144;233m#[38;2;18;133;231m#[38;2;13;133;221m#[38;2;10;137;230m8[38;2;9;121;226m8[38;2;15;115;217m#[38;2;17;128;229m8[38;2;15;129;228m8[38;2;9;117;218m#[38;2;8;111;213m#[38;2;12;129;219m#[38;2;12;127;218m#[38;2;8;106;213m#[38;2;15;110;225m#[38;2;14;121;234m8[38;2;12;121;230m8[38;2;10;111;218m#[38;2;12;114;221m#[38;2;8;119;229m#[38;2;6;121;234m#[38;2;10;120;231m#[38;2;12;121;228m#[38;2;11;126;229m@[38;2;11;134;236m@[38;2;15;141;244m@[38;2;13;131;240m@[38;2;14;133;242m@[38;2;15;137;243m@[38;2;13;138;243m@[38;2;17;135;240m@[38;2;16;132;237m@[38;2;13;130;234m@[38;2;10;128;231m@[38;2;15;131;234m@[38;2;16;135;235m@[38;2;15;137;238m@[38;2;13;137;241m@[38;2;14;131;240m@[38;2;13;134;240m@[38;2;13;136;239m@[38;2;14;134;235m@[38;2;15;140;244m@[38;2;19;144;246m@[38;2;22;145;246m@[38;2;18;145;248m@[38;2;20;148;249m@[38;2;22;151;248m@[38;2;22;153;248m@[38;2;16;149;244m@[38;2;13;149;243m@[38;2;12;150;242m@[38;2;14;148;239m@[38;2;8;141;237m@[38;2;6;140;236m#[38;2;9;140;230m#[38;2;22;139;220m#[38;2;20;146;225m8[38;2;16;144;217m#[38;2;16;160;237m@[38;2;10;163;242m@[38;2;11;170;242m@[38;2;10;180;244m@[38;2;8;192;250m@[38;2;9;196;248m@[38;2;11;205;247m@[38;2;12;215;247m@[38;2;13;225;249m@[38;2;13;229;251m@[38;2;14;235;251m@[38;2;14;234;248m@[38;2;18;220;232m@[38;2;52;194;205m+[38;2;64;209;220m+             [0m
[0;1m           [38;2;40;203;221m+[38;2;47;225;238m+[38;2;51;225;238m+[38;2;50;197;219m*[38;2;49;164;206m*[38;2;43;184;231m*[38;2;27;190;250m#[38;2;16;179;250m#[38;2;37;151;212m*[38;2;47;153;219m*[38;2;52;128;191m+[38;2;53;99;156m+[38;2;51;119;181m+[38;2;53;120;182m+[38;2;55;119;181m:[38;2;55;118;182m.[38;2;56;104;184m+[38;2;40;116;222m*[38;2;24;128;252m#[38;2;14;128;250m@[38;2;17;126;248m@[38;2;13;126;247m@[38;2;6;124;243m#[38;2;3;123;234m#[38;2;19;130;242m#[38;2;32;129;231m*[38;2;35;126;213m*[38;2;30;126;198m*[38;2;56;147;200m+[38;2;28;158;214m@[38;2;8;170;235m@[38;2;8;187;254m@[38;2;9;186;252m@[38;2;9;181;248m@[38;2;9;177;245m@[38;2;10;175;247m@[38;2;12;166;242m@[38;2;11;153;233m@[38;2;9;144;229m@[38;2;9;141;229m@[38;2;13;129;221m@[38;2;12;131;231m8[38;2;11;121;218m8[38;2;12;114;210m8[38;2;14;104;212m8[38;2;19;113;212m8[38;2;19;111;215m8[38;2;13;98;219m8[38;2;17;103;219m8[38;2;17;109;225m88[38;2;17;101;213m8[38;2;22;111;229m8[38;2;16;107;215m8[38;2;12;103;214m8[38;2;11;100;226m8[38;2;18;101;226m8[38;2;18;102;222m8[38;2;17;101;224m8[38;2;16;100;232m8[38;2;26;111;240m8[38;2;16;107;236m8[38;2;12;105;233m8[38;2;16;108;235m8[38;2;17;106;236m8[38;2;17;110;235m#[38;2;17;111;226m@[38;2;20;118;234m@[38;2;17;111;231m@[38;2;18;113;233m@[38;2;19;115;234m@[38;2;19;115;230m@[38;2;24;111;226m@[38;2;22;113;227m@[38;2;18;116;228m@[38;2;13;115;224m@[38;2;22;119;236m#[38;2;21;118;237m#[38;2;17;118;237m#[38;2;16;110;218m@[38;2;26;119;239m#[38;2;25;120;242m#[38;2;21;113;227m@[38;2;21;115;226m@[38;2;22;112;227m@[38;2;25;115;231m@[38;2;29;122;235m@[38;2;31;128;241m@[38;2;34;135;245m@[38;2;36;138;246m@[38;2;34;136;244m@[38;2;31;135;242m@[38;2;26;135;239m@[38;2;22;135;237m@[38;2;18;133;236m@[38;2;14;121;226m@[38;2;12;115;218m@[38;2;14;126;231m#[38;2;19;127;233m#[38;2;18;120;218m8[38;2;15;117;210m8[38;2;11;126;226m8[38;2;12;131;224m@[38;2;15;142;232m@[38;2;13;152;237m@[38;2;10;159;241m@[38;2;13;161;240m@[38;2;14;170;240m@[38;2;15;182;241m@[38;2;15;195;245m@[38;2;16;206;250m@[38;2;13;204;245m@[38;2;13;211;246m@[38;2;15;222;249m@[38;2;16;230;252m#[38;2;33;194;214m8[38;2;66;176;190m+            [0m
[0;1m               [38;2;55;200;226m+[38;2;58;197;231m+[38;2;36;186;237m*[38;2;9;171;244m#[38;2;8;164;253m@[38;2;17;148;239m#[38;2;33;136;219m*[38;2;48;131;204m*[38;2;54;133;211m+[38;2;44;110;203m+[38;2;39;100;202m*[38;2;40;106;213m*[38;2;46;112;245m#[38;2;37;114;255m#[38;2;25;113;253m@[38;2;19;110;248m@[38;2;27;113;250m@[38;2;18;111;247m#[38;2;8;110;243m#[38;2;10;115;242m#[38;2;26;123;244m#[38;2;29;122;230m#[38;2;34;130;220m*[38;2;44;157;228m#[38;2;24;179;254m#[38;2;13;180;253m@[38;2;10;180;251m@[38;2;9;186;254m@[38;2;9;175;252m@[38;2;10;168;249m@[38;2;9;152;238m@[38;2;7;134;225m@[38;2;13;131;230m@[38;2;11;123;227m#[38;2;11;123;236m8[38;2;14;111;219m#[38;2;17;112;231m8[38;2;17;109;220m8[38;2;17;102;210m8[38;2;18;92;202m8[38;2;19;83;192m8[38;2;18;81;182m8[38;2;18;80;182m8[38;2;21;80;192m8[38;2;30;88;203m8[38;2;22;84;196m8[38;2;18;81;191m8[38;2;23;82;192m8[38;2;20;78;195m8[38;2;22;82;195m8[38;2;22;81;196m8[38;2;21;76;201m8[38;2;32;85;223m8[38;2;27;85;216m8[38;2;24;82;212m8[38;2;25;78;212m8[38;2;27;78;204m8[38;2;21;77;197m8[38;2;18;77;194m8[38;2;21;80;195m8[38;2;22;74;183m8[38;2;21;77;184m8[38;2;21;82;190m8[38;2;26;85;197m8[38;2;27;90;214m8[38;2;24;95;224m8[38;2;22;103;240m8[38;2;22;99;227m#[38;2;32;106;244m8[38;2;34;108;234m#[38;2;32;110;227m@[38;2;30;115;233m@[38;2;36;118;246m#[38;2;37;119;245m#[38;2;32;115;237m#[38;2;19;99;213m#[38;2;25;93;212m8[38;2;32;100;222m8[38;2;36;111;241m8[38;2;32;102;224m#[38;2;41;108;233m#[38;2;45;112;238m#[38;2;46;116;244m#[38;2;43;112;235m@[38;2;42;118;239m@[38;2;40;119;240m@[38;2;36;113;236m@[38;2;37;113;229m@[38;2;37;122;244m#[38;2;32;123;244m#[38;2;33;120;243m#[38;2;30;117;245m#[38;2;30;115;244m#[38;2;31;112;235m#[38;2;38;110;238m8[38;2;26;88;192m8[38;2;19;93;193m8[38;2;21;122;241m8[38;2;18;117;236m#[38;2;18;118;223m@[38;2;18;129;231m@[38;2;18;142;241m@[38;2;22;143;240m@[38;2;19;145;238m@[38;2;17;152;238m@[38;2;18;164;241m@[38;2;23;177;249m@[38;2;23;182;248m@[38;2;22;192;248m@[38;2;21;203;250m@[38;2;17;206;247m@[38;2;18;206;236m8[38;2;29;168;191m8[38;2;73;182;207m+           [0m
[0;1m                 [38;2;12;12;12m.[38;2;23;180;236m*[38;2;9;159;246m#[38;2;11;165;255m@[38;2;16;145;246m#[38;2;24;114;224m*[38;2;34;104;197m+[38;2;47;107;222m*[38;2;47;106;245m#[38;2;36;102;254m@[38;2;38;101;253m@[38;2;27;98;250m@[38;2;18;98;248m@[38;2;20;105;246m#[38;2;22;101;250m#[38;2;19;105;249m#[38;2;13;108;246m#[38;2;9;108;244m#[38;2;25;129;248m#[38;2;19;146;247m#[38;2;11;164;248m#[38;2;13;182;253m@[38;2;17;189;255m@[38;2;13;185;254m@[38;2;9;178;251m@[38;2;9;170;248m@[38;2;9;145;234m@[38;2;9;135;231m#[38;2;10;122;218m#[38;2;14;117;221m8[38;2;16;109;222m8[38;2;19;114;232m8[38;2;19;115;236m8[38;2;15;105;220m#[38;2;23;99;215m8[38;2;17;78;173m8[38;2;22;93;221mx[38;2;20;64;164m8[38;2;26;67;172m8[38;2;37;96;238mx[38;2;34;96;238mx[38;2;22;64;171m8[38;2;35;80;232mx[38;2;31;77;213mx[38;2;26;73;202mx[38;2;24;68;206mx[38;2;34;79;218mx[38;2;30;78;211mx[38;2;28;78;219mx[38;2;22;57;165m8[38;2;23;52;163m8[38;2;28;72;219mx[38;2;26;72;216mx[38;2;31;75;229mx[38;2;45;80;226mx[38;2;36;77;213mx[38;2;30;76;215m+[38;2;26;58;174m+[38;2;39;80;222m*[38;2;37;77;216m+[38;2;34;71;200mx[38;2;34;70;212m+[38;2;35;72;207mx[38;2;42;87;221mx[38;2;43;96;236mx[38;2;24;67;179m8[38;2;34;87;213m8[38;2;43;107;245m8[38;2;42;111;242m#[38;2;36;106;228m@[38;2;38;108;235m#[38;2;41;112;240m#[38;2;43;118;246m#[38;2;45;120;244m#[38;2;45;109;229m#[38;2;34;100;227m8[38;2;22;83;203m8[38;2;24;76;191m8[38;2;35;82;208m8[38;2;41;87;221m8[38;2;45;93;230m8[38;2;47;98;230m#[38;2;51;107;240m#[38;2;51;109;242m#[38;2;47;101;233m#[38;2;47;98;230m#[38;2;47;99;226m#[38;2;46;102;226m#[38;2;45;102;233m#[38;2;41;97;235m#[38;2;38;92;229m#[38;2;38;91;234m8[38;2;36;75;211m8[38;2;26;60;163m8[38;2;35;96;236mx[38;2;32;92;213m8[38;2;32;101;232m#[38;2;32;108;241m#[38;2;28;107;228m@[38;2;23;114;231m@[38;2;24;112;228m@[38;2;23;116;229m@[38;2;21;121;229m@[38;2;19;127;230m@[38;2;22;134;237m@[38;2;24;144;237m@[38;2;25;158;241m@[38;2;24;172;246m@[38;2;19;172;239m@[38;2;19;184;237m#[38;2;22;165;204m8[38;2;54;162;192m=[38;2;125;189;209m+          [0m
[0;1m                  [38;2;41;198;230m*[38;2;25;209;246m#[38;2;13;192;255m@[38;2;16;156;254m@[38;2;30;119;242m#[38;2;47;102;221m*[38;2;35;107;246m#[38;2;29;110;255m@[38;2;32;109;251m@[38;2;33;102;246m#[38;2;31;104;238m#[38;2;31;106;235m#[38;2;31;103;241m#[38;2;27;97;243m#[38;2;24;115;249m#[38;2;19;135;252m#[38;2;12;147;249m@[38;2;16;165;255m@[38;2;18;177;255m@[38;2;17;184;255m@[38;2;13;186;255m@[38;2;11;182;254m@[38;2;9;179;250m@[38;2;8;173;248m@[38;2;8;163;247m@[38;2;15;138;226m#[38;2;21;108;188m+[38;2;25;95;182m+[38;2;31;97;208m8[38;2;37;103;237m#[38;2;27;97;234m#[38;2;23;95;229m#[38;2;28;95;226m#[38;2;35;83;218m8[38;2;28;66;181m8[38;2;39;83;235mx[38;2;34;59;170m8[38;2;36;57;170m8[38;2;42;72;216mx[38;2;34;63;204mx[38;2;32;56;211mx[38;2;38;54;197mx[38;2;49;70;236m=[38;2;41;60;203mx[38;2;41;59;218mx[38;2;44;54;180m8[38;2;39;53;176m8[38;2;37;55;186m8[38;2;42;60;208m8[38;2;36;50;196m8[38;2;39;61;225mx[38;2;34;58;208m=[38;2;30;48;186m+[38;2;41;51;182m*[38;2;41;53;196m*[38;2;32;47;181m+[38;2;31;50;202m+[38;2;41;60;200m=[38;2;46;77;218mx[38;2;41;72;189m8[38;2;52;87;216m8[38;2;57;88;217m8[38;2;59;93;230m8[38;2;57;97;241m8[38;2;47;90;222m#[38;2;55;97;239m8[38;2;56;99;233m#[38;2;54;102;230m@[38;2;52;108;235m@[38;2;61;118;251m#[38;2;59;115;245m@[38;2;56;117;251m@[38;2;50;111;247m@[38;2;53;105;236m@[38;2;58;109;239m@[38;2;57;109;237m@[38;2;50;105;237m#[38;2;54;102;243m8[38;2;49;88;226m8[38;2;47;80;217m8[38;2;60;91;236m8[38;2;56;86;228m#[38;2;60;90;237m#[38;2;68;96;242m#[38;2;63;85;235m#[38;2;61;87;234m#[38;2;60;91;236m#[38;2;59;84;238m#[38;2;56;81;235m#[38;2;54;79;233m#[38;2;56;84;246m8[38;2;60;76;226m8[38;2;41;56;169m8[38;2;47;79;233mx[38;2;41;74;209m8[38;2;49;89;235m#[38;2;48;92;239m#[38;2;48;98;233m@[38;2;55;120;252m@[38;2;55;116;249m@[38;2;47;106;238m@[38;2;40;104;234m@[38;2;40;110;236m@[38;2;42;114;237m@[38;2;40;121;239m@[38;2;41;136;246m@[38;2;41;153;253m@[38;2;35;160;249m@[38;2;28;169;237m@[38;2;28;189;249m8[38;2;33;157;199m8[38;2;82;161;193mx          [0m
[0;1m                   [38;2;29;181;205m+[38;2;16;171;227m@[38;2;10;157;230m@[38;2;19;151;230m@[38;2;51;126;203m@[38;2;38;100;178m+[38;2;30;92;169m+[38;2;29;92;161m=[38;2;38;89;151m=[38;2;41;108;165m=[38;2;42;124;179m=[38;2;41;122;176m=[38;2;25;98;176m+[38;2;23;120;213m@[38;2;22;141;230m@[38;2;23;168;252m@[38;2;23;180;252m@[38;2;20;182;253m@[38;2;15;184;253m@[38;2;11;185;253m@[38;2;13;170;253m@[38;2;10;157;246m@[38;2;13;129;208m@[38;2;24;102;162m+[38;2;63;127;195m+[38;2;41;90;164m+[38;2;31;82;185m+[38;2;27;89;216m8[38;2;39;101;238m8[38;2;36;90;231m8[38;2;29;75;212m8[38;2;24;60;185m8[38;2;44;62;222mx[38;2;46;61;208mx[38;2;46;60;211mx[38;2;48;56;220mx[38;2;51;48;196mx[38;2;51;51;207m=[38;2;53;55;219m=[38;2;56;55;220mx[38;2;67;59;235mx[38;2;46;42;173m8[38;2;47;44;186m8[38;2;51;49;202m8[38;2;54;45;199m8[38;2;47;40;178m8[38;2;59;52;234mx[38;2;57;49;220mx[38;2;56;44;201mx[38;2;55;43;197m=[38;2;57;45;202m+[38;2;60;48;209m+[38;2;59;43;194m=[38;2;66;58;213mx[38;2;57;58;186m8[38;2;67;75;218m8[38;2;75;84;230m8[38;2;79;91;248m8[38;2;74;91;240m#[38;2;75;97;239m#[38;2;78;96;243m8[38;2;76;92;245m8[38;2;69;87;231m#[38;2;71;93;230m#[38;2;73;88;237m8[38;2;76;92;247m8[38;2;72;92;240m#[38;2;69;99;244m#[38;2;72;98;240m#[38;2;68;97;233m@[38;2;68;104;242m@[38;2;67;106;242m@[38;2;66;100;235m@[38;2;71;107;245m@[38;2;68;106;247m@[38;2;55;92;233m@[38;2;61;94;240m#[38;2;65;93;245m8[38;2;61;79;224m8[38;2;57;60;197m8[38;2;64;66;209m8[38;2;66;68;221m8[38;2;59;57;218m8[38;2;61;49;199m8[38;2;61;51;198m8[38;2;59;56;206m8[38;2;58;46;205m8[38;2;62;49;208m8[38;2;61;49;204m8[38;2;55;43;188m8[38;2;66;45;229mx[38;2;54;41;192mx[38;2;48;48;162m8[38;2;70;78;232m8[38;2;68;76;233m#[38;2;68;81;234m#[38;2;68;90;243m#[38;2;64;93;242m@[38;2;65;87;239m@[38;2;60;85;235m#[38;2;50;77;220m8[38;2;40;69;198m8[38;2;54;87;225m#[38;2;53;97;237m#[38;2;53;108;232m@[38;2;60;128;245m@[38;2;57;135;246m@[38;2;53;147;243m@[38;2;51;156;237m@[38;2;55;167;241m8[38;2;65;138;191m=[38;2;88;141;179m*         [0m
[0;1m                    [38;2;33;172;208m+[38;2;20;170;229m#[38;2;9;156;233m#[38;2;16;159;236m#[38;2;24;166;240m8[38;2;27;138;198m+[38;2;30;124;173m+[38;2;50;133;178m+[38;2;55;139;177m+[38;2;52;142;175m+[38;2;43;134;172m+[38;2;45;118;162m+[38;2;34;155;209m*[38;2;18;148;203m+[38;2;12;145;213m8[38;2;15;159;223m#[38;2;15;172;236m#[38;2;14;173;238m@[38;2;14;166;236m@[38;2;15;150;238m8[38;2;22;106;177m+[38;2;33;99;170m:[38;2;36;89;152m.[38;2;56;96;157m*[38;2;39;77;172m+[38;2;38;86;227m8[38;2;39;82;238m8[38;2;54;86;238m8[38;2;42;67;205m8[38;2;33;49;168m8[38;2;48;55;210mx[38;2;54;47;202mx[38;2;57;49;216m=[38;2;57;48;217m=[38;2;55;42;202mx[38;2;65;43;218mx[38;2;67;48;216mx[38;2;71;53;226mx[38;2;55;38;173m8[38;2;63;40;185m8[38;2;63;40;194m8[38;2;62;43;203m8[38;2;61;47;206m8[38;2;63;34;182m8[38;2;78;39;231mx[38;2;67;30;205mx[38;2;64;25;191mx[38;2;79;30;204mx[38;2;83;41;211mx[38;2;69;41;174m8[38;2;88;58;221m8[38;2;96;70;236m#[38;2;97;72;242m#[38;2;98;75;247m#[38;2;95;76;234m@[38;2;101;79;243m#[38;2;98;76;236m@[38;2;99;79;245m@[38;2;94;77;239m@[38;2;98;77;239m#[38;2;102;80;245m#[38;2;97;79;236m@[38;2;93;79;234m@[38;2;90;71;232m#[38;2;87;66;229m#[38;2;82;65;228m#[38;2;72;61;223m#[38;2;77;67;226m#[38;2;83;78;240m#[38;2;81;82;234m@[38;2;79;88;237m@[38;2;82;90;247m#[38;2;83;96;243m@[38;2;90;107;255m@[38;2;92;109;252m@[38;2;87;102;250m@[38;2;80;91;238m@[38;2;76;82;235m#[38;2;75;61;222m8[38;2;78;62;229m8[38;2;81;63;233m8[38;2;76;55;219m8[38;2;59;32;171m8[38;2;81;40;234mx[38;2;60;33;172m8[38;2;59;29;166m8[38;2;73;32;205mx[38;2;77;30;225m=[38;2;78;30;230m=[38;2;79;32;206mx[38;2;85;45;217mx[38;2;69;48;191m8[38;2;79;63;232m#[38;2;96;78;249m#[38;2;87;71;240m#[38;2;83;70;242m#[38;2;81;71;237m@[38;2;89;73;248m#[38;2;61;48;181m8[38;2;60;49;207mx[38;2;58;53;188m8[38;2;81;84;234m#[38;2;82;95;248m#[38;2;74;100;239m@[38;2;74;113;249m@[38;2;75;122;252m@[38;2;69;126;245m@[38;2;72;137;244m@[38;2;80;149;248m#[38;2;54;109;183m8[38;2;87;148;215mx[38;2;107;160;204m+        [0m
[0;1m                     [38;2;12;12;12m.[38;2;69;191;220m+[38;2;35;173;225m+[38;2;19;155;191m8[38;2;20;191;223m8[38;2;21;209;239m#[38;2;21;193;219m8[38;2;25;195;210m8[38;2;26;195;205m8[38;2;25;172;185m8[38;2;35;183;212m+[38;2;38;171;199m*[38;2;32;142;163m*[38;2;28;147;176m*[38;2;26;163;222m+[38;2;17;146;196m8[38;2;16;144;201m8[38;2;15;111;178m8[38;2;28;105;174m*[38;2;23;69;115m: [38;2;41;50;122m.[38;2;52;73;188m+[38;2;47;63;183m8[38;2;53;67;214m8[38;2;58;67;225m8[38;2;53;44;188m8[38;2;52;38;168m8[38;2;65;49;212m*[38;2;46;37;155m*[38;2;68;31;183mx[38;2;73;33;208mx[38;2;79;36;227mx[38;2;61;27;168m8[38;2;69;25;177m8[38;2;87;31;229mxx[38;2;72;26;181m8[38;2;88;35;194m8[38;2;90;32;203m8[38;2;92;27;213m8[38;2;93;26;220m8[38;2;99;29;203m8[38;2;91;24;189m8[38;2;88;20;188m8[38;2;94;22;201m8[38;2;113;33;212m8[38;2;140;54;251m8[38;2;138;65;245m@[38;2;143;75;255m@[38;2;143;71;255m@[38;2;143;64;253m@[38;2;141;59;248m@[38;2;142;62;251m@[38;2;141;60;245m@[38;2;142;58;251m@[38;2;135;56;252m@[38;2;121;55;248m@[38;2;128;59;246m#[38;2;125;52;240m#[38;2;118;44;240m#[38;2;105;37;236m#[38;2;104;33;218m8[38;2;99;30;211m8[38;2;95;30;210m8[38;2;89;30;203m8[38;2;81;26;194m8[38;2;101;46;232m8[38;2;100;56;231m@[38;2;100;63;244m@[38;2;98;66;235m@[38;2;105;78;249m@[38;2;106;86;253m@[38;2;103;88;253m@[38;2;105;88;254m@[38;2;104;86;254m@[38;2;98;76;241m@[38;2;102;65;244m#[38;2;103;64;244m#[38;2;100;58;238m#[38;2;98;45;231m8[38;2;77;24;184m8[38;2;90;24;218mx[38;2;81;25;195mx[38;2;97;24;203mx[38;2;95;21;211mx[38;2;99;23;223mx[38;2;107;27;236mx[38;2;76;17;168m8[38;2;81;27;175m8[38;2;99;46;217m8[38;2;107;56;239m@[38;2;112;53;243m@[38;2;112;54;245m#[38;2;107;53;239m#[38;2;104;51;237m#[38;2;94;33;227mx[38;2;89;32;205mx[38;2;75;39;179m8[38;2;97;62;241m8[38;2;96;67;239m@[38;2;94;78;246m@[38;2;95;91;253m@[38;2;98;101;254m@[38;2;100;108;255m@[38;2;95;117;255m@[38;2;91;125;255m@[38;2;89;132;254m@[38;2;77;123;235m@[38;2;73;118;211m8[38;2;98;146;227mx[38;2;147;177;220m=       [0m
[0;1m                       [38;2;98;170;180m*[38;2;83;146;154m*[38;2;91;189;197m*[38;2;84;209;216m+[38;2;54;162;173m*[38;2;34;138;145m*[38;2;37;202;211m*[38;2;34;225;239m=[38;2;26;224;241mx[38;2;21;195;206m8[38;2;21;186;195m8[38;2;30;149;159m*[38;2;32;123;136m:[38;2;29;101;119m:[38;2;28;98;121m:[38;2;24;85;105m:[38;2;19;40;55m. [38;2;41;47;133m.[38;2;38;49;138m*[38;2;60;60;202mx[38;2;51;49;171m8[38;2;54;46;185m8[38;2;53;37;179m8[38;2;84;45;213mx[38;2;85;37;210m*[38;2;76;24;190m:[38;2;66;15;163m:[38;2;90;16;184m+[38;2;103;16;205m*[38;2;85;14;179m+[38;2;93;17;207m=[38;2;111;19;219mx[38;2;114;22;208mx[38;2;120;21;212mx[38;2;91;12;164m8[38;2;102;13;177m8[38;2;107;13;182m8[38;2;108;12;183m8[38;2;104;13;183m8[38;2;115;13;190m8[38;2;111;12;179m8[38;2;129;17;196m8[38;2;170;29;241m8[38;2;195;44;253m#[38;2;185;41;242m@[38;2;187;43;248m@[38;2;190;46;252m@[38;2;184;39;239m@[38;2;188;36;246m#[38;2;175;28;235m#[38;2;171;21;241m8[38;2;149;17;211m8[38;2;139;16;209m8[38;2;140;18;221m8[38;2;148;24;235m8[38;2;140;19;218m8[38;2;148;20;229m8[38;2;153;22;242m8[38;2;145;19;238m8[38;2;127;15;209m8[38;2;112;12;190m8[38;2;92;9;164m8[38;2;118;12;214m=[38;2;111;11;198m=[38;2;122;19;219m=[38;2;92;23;173m8[38;2;116;38;229m#[38;2;122;46;239m#[38;2;124;56;243m@[38;2;131;67;254m@[38;2;130;72;253m@[38;2;132;72;255m@[38;2;129;71;250m@[38;2;123;64;240m@[38;2;121;49;241m#[38;2;125;51;240m#[38;2;123;48;233m#[38;2;114;35;224m8[38;2;86;17;171m8[38;2;102;14;208mx[38;2;97;15;198mx[38;2;128;22;232m=[38;2;105;16;192m=[38;2;101;13;194m=[38;2;103;14;204mx[38;2;98;16;181m8[38;2;107;20;193m8[38;2;123;31;223m8[38;2;131;40;243m#[38;2;125;28;232m#[38;2;109;19;211m8[38;2;86;12;177m8[38;2;104;16;221mx[38;2;110;14;201m=[38;2;126;23;224m=[38;2;93;31;181m8[38;2;119;55;246m8[38;2;119;60;237m@[38;2;116;65;244m@[38;2;118;73;252m@[38;2;120;80;254m@[38;2;118;81;255m@[38;2;113;86;255m@[38;2;111;97;255m@[38;2;112;110;255m@[38;2;112;117;255m@[38;2;103;111;242m8[38;2;81;90;177m8[38;2;151;163;224m=       [0m
[0;1m                            [38;2;12;12;12m.[38;2;85;147;146m:[38;2;77;225;218m+[38;2;37;151;153m*[38;2;31;187;195m=[38;2;21;160;169m8[38;2;20;196;210m8[38;2;23;171;188m+[38;2;26;110;135m:[38;2;40;116;157m.  [38;2;34;27;119m:[38;2;49;43;177m+[38;2;60;54;207m=[38;2;61;52;178m8[38;2;63;46;178m8[38;2;59;35;167m8[38;2;80;34;218mx[38;2;106;33;234m=[38;2;99;24;204m+[38;2;84;15;167m+[38;2;88;14;174m+[38;2;113;12;200m=[38;2;114;14;195m*[38;2;100;14;169m*[38;2;108;15;184m*[38;2;127;16;199m+[38;2;127;14;197m=[38;2;147;14;232m=[38;2;139;12;224mx[38;2;111;11;166m8[38;2;164;16;227mx[38;2;171;15;224mx[38;2;131;11;169m8[38;2;156;14;192m8[38;2;180;16;209m8[38;2;216;21;241m8[38;2;220;22;240m@[38;2;218;16;235m@[38;2;209;17;232m#[38;2;208;18;235m8[38;2;195;15;218m8[38;2;186;15;217mx[38;2;194;17;223m=[38;2;192;18;219m=[38;2;177;18;204mx[38;2;191;13;222mx[38;2;195;12;235mx[38;2;139;10;172m8[38;2;144;13;180m8[38;2;179;14;225mx[38;2;189;19;233m=[38;2;180;19;223m=[38;2;159;13;209mx[38;2;160;17;210mx[38;2;162;15;226mx[38;2;114;9;169m8[38;2;112;9;173m8[38;2;128;11;201mx[38;2;136;14;217m+[38;2;111;14;180m+[38;2;111;14;178m=[38;2;112;16;186m8[38;2;142;37;233m#[38;2;150;49;250m@[38;2;145;49;252m@[38;2;151;52;254m@[38;2;145;52;245m@[38;2;138;50;234m@[38;2;152;48;248m#[38;2;151;44;247m#[38;2;145;38;240m#[38;2;142;30;239m8[38;2;108;17;189m8[38;2;121;15;223mx[38;2;121;15;230m=[38;2;122;17;205m=[38;2;108;16;175m*[38;2;97;13;168m+[38;2;116;14;205mx[38;2;107;16;174m8[38;2;107;13;175m8[38;2;119;12;197m8[38;2;139;14;233m8[38;2;134;14;213m8[38;2;129;15;206mx[38;2;121;16;194m+[38;2;125;15;196m+[38;2;133;14;213mx[38;2;105;14;172m8[38;2;121;28;210m8[38;2;131;44;236m#[38;2;139;51;240m@[38;2;135;51;242m@[38;2;133;53;248m@[38;2;135;57;253m@[38;2;133;57;247m@[38;2;134;61;248m@[38;2;136;71;249m@[38;2;138;81;251m@[38;2;132;77;254m@[38;2;121;74;240m#[38;2;106;70;208m8[38;2;135;107;210m=[38;2;12;12;12m.      [0m
[0;1m                               [38;2;109;199;200m:[38;2;55;155;161m*[38;2;26;207;221mx[38;2;20;223;237m#[38;2;19;177;193m8[38;2;25;177;199m=[38;2;43;169;211m.[38;2;43;120;168m.[38;2;28;30;85m:[38;2;58;48;174m*[38;2;68;58;199mx[38;2;65;55;184m8[38;2;78;55;210m8[38;2;78;45;201m8[38;2;76;33;183m8[38;2;106;31;233mx[38;2;123;22;235m=[38;2;124;17;216m=[38;2;125;14;214m=[38;2;108;10;190mx[38;2;139;12;216mx[38;2;152;14;223mx[38;2;150;14;219mx[38;2;157;14;232mx[38;2;133;12;181m8[38;2;158;14;209mx[38;2;166;15;210m=[38;2;182;16;223m=[38;2;188;16;230m=[38;2;210;19;239m=[38;2;201;16;219mx[38;2;167;11;181m8[38;2;233;13;241m8[38;2;243;15;248m8[38;2;228;16;231m#[38;2;224;17;227m#[38;2;156;12;164m8[38;2;187;16;199m=[38;2;184;17;196m+[38;2;207;19;216m+[38;2;192;16;198m=[38;2;219;19;220m+[38;2;200;25;198m+[38;2;202;45;197m*[38;2;169;32;171m*[38;2;191;26;203m*[38;2;173;19;185m+[38;2;164;17;172m+[38;2;197;19;211m+[38;2;216;19;235m=[38;2;205;17;224mx[38;2;198;17;212mx[38;2;172;18;185m=[38;2;182;21;198m+[38;2;174;19;192m+[38;2;183;20;207m*[38;2;154;14;173m+[38;2;162;16;193m+[38;2;149;15;189m=[38;2;157;16;206m=[38;2;153;15;212m+[38;2;156;14;205mx[38;2;155;18;204m8[38;2;185;30;249m#[38;2;186;35;241m@[38;2;187;39;243m@[38;2;182;37;241m@[38;2;185;28;236m@[38;2;184;31;236m@[38;2;184;31;243m#[38;2;160;15;228m8[38;2;116;11;170m8[38;2;136;14;212mx[38;2;124;13;200mx[38;2;144;18;203m+[38;2;119;19;154m*[38;2;127;14;182m+[38;2;144;12;218mx[38;2;149;15;215mx[38;2;156;16;214m=[38;2;174;16;228mx[38;2;173;15;227m8[38;2;117;9;165m8[38;2;145;12;201m=[38;2;149;16;202m+[38;2;153;17;212m=[38;2;166;15;225mx[38;2;143;14;187m8[38;2;167;25;230m8[38;2;172;37;251m#[38;2;176;41;249m@[38;2;170;39;245m@[38;2;168;39;245m@[38;2;166;40;246m@[38;2;159;33;243m#[38;2;113;19;175m8[38;2;122;15;192mx[38;2;110;21;172m8[38;2;155;44;238m@[38;2;167;64;252m@[38;2;162;71;244m#[38;2;134;62;208mx[38;2;160;114;202m=      [0m
[0;1m                               [38;2;75;146;149m*[38;2;60;179;184m*[38;2;26;190;204mx[38;2;22;208;229m8[38;2;18;184;209m8[38;2;22;172;206mx[38;2;32;117;162m:[38;2;26;53;96m:[38;2;42;51;150m*[38;2;72;69;211m=[38;2;63;55;171m8[38;2;79;63;206m8[38;2;97;58;221m8[38;2;89;37;201m8[38;2;84;24;185m8[38;2;89;22;183m8[38;2;97;17;179m8[38;2;122;15;207mx[38;2;141;13;218m=[38;2;155;14;223mx[38;2;167;13;212m8[38;2;159;11;196m8[38;2;167;11;196m8[38;2;205;13;227m8[38;2;223;15;237m8[38;2;192;13;209m8[38;2;174;11;193m8[38;2;171;12;185m8[38;2;208;16;222m=[38;2;204;18;212m=[38;2;195;16;202mx[38;2;168;11;176m8[38;2;175;10;182m8[38;2;203;15;210mx[38;2;206;18;212m+[38;2;185;17;187m*[38;2;170;17;169m=[38;2;193;22;190m*[38;2;143;20;141m*[38;2;154;25;163m:[38;2;99;24;137m.[38;2;68;16;115m:[38;2;135;111;156m+[38;2;252;252;255m#[38;2;148;129;149m=[38;2;112;80;129m*[38;2;53;11;100m:   [38;2;79;51;97m.[38;2;42;27;43m*[38;2;117;35;114m*[38;2;150;26;157m*[38;2;177;21;187m*[38;2;174;23;176m+[38;2;180;16;185m+[38;2;166;16;174m+[38;2;159;17;175m+[38;2;176;16;203m+[38;2;181;15;208m+[38;2;189;16;205m=[38;2;206;16;222mx[38;2;188;13;209m8[38;2;221;18;239m8[38;2;232;20;250m8[38;2;228;20;249m8[38;2;221;15;241m8[38;2;218;14;238m8[38;2;203;14;228m8[38;2;166;12;203m8[38;2;174;16;212mx[38;2;170;16;211m=[38;2;157;14;200m=[38;2;165;16;204m+[38;2;139;16;164m+[38;2;156;18;180m*[38;2;159;17;188m*[38;2;156;18;184m*[38;2;177;17;203m=[38;2;210;16;241mx[38;2;173;12;199m8[38;2;167;14;192m=[38;2;166;15;192m+[38;2;175;16;204m+[38;2;178;15;208m=[38;2;200;16;229mx[38;2;156;12;180m8[38;2;189;17;218m8[38;2;210;20;240m#[38;2;207;16;232m@[38;2;202;16;236m#[38;2;203;19;245m8[38;2;181;21;219m8[38;2;162;13;203m=[38;2;172;14;204m=[38;2;184;16;220mx[38;2;170;15;208m8[38;2;193;16;235m8[38;2;191;26;234m#[38;2;201;41;249m#[38;2;191;54;240m@[38;2;166;50;199m8[38;2;189;86;209mx[38;2;180;119;184m=    [0m
[0;1m                               [38;2;83;163;176m*[38;2;37;165;178m8[38;2;25;213;232m8[38;2;22;220;248m8[38;2;19;166;211m8[38;2;22;142;198mx[38;2;28;87;147m*[38;2;42;80;163m*[38;2;66;69;208m=[38;2;76;59;186m8[38;2;99;69;227m8[38;2;108;67;247m8[38;2;117;47;242m8[38;2;119;37;232m8[38;2;116;29;219m8[38;2;112;20;208m8[38;2;123;12;202m8[38;2;124;10;185m8[38;2;138;11;183m8[38;2;172;13;209m8[38;2;225;12;244m8[38;2;232;14;246m8[38;2;234;15;246m8[38;2;222;13;231m#[38;2;219;12;227m8[38;2;162;10;172m8[38;2;186;13;204mx[38;2;193;13;213mx[38;2;205;15;216m=[38;2;197;16;205m=[38;2;184;15;192mx[38;2;162;12;170m8[38;2;152;10;162m8[38;2;202;15;209mx[38;2;202;17;208m=[38;2;170;15;181m+[38;2;170;19;171m*[38;2;126;16;123m: [38;2;55;14;122m.[38;2;58;16;151m*[38;2;63;12;159m+[38;2;100;47;190m=[38;2;97;64;149m8[38;2;101;61;165m=[38;2;83;32;161m+[38;2;73;12;161m*[38;2;63;14;132m:[38;2;83;16;155m:[38;2;98;18;174m:[38;2;146;110;181m*[38;2;252;252;255m#[38;2;167;164;173mx[38;2;175;126;182m+[38;2;173;25;184m:[38;2;146;50;147m.[38;2;123;20;117m:[38;2;134;17;144m*[38;2;148;17;165m+[38;2;171;17;187m+[38;2;204;18;221m+[38;2;205;19;216m=[38;2;199;17;208mx[38;2;162;11;171m8[38;2;202;11;207m8[38;2;223;14;229m8[38;2;229;17;237m8[38;2;221;12;230m8[38;2;229;13;236m8[38;2;214;14;222m8[38;2;158;11;175m8[38;2;197;15;225mx[38;2;198;15;230mx[38;2;193;13;225mx[38;2;155;16;172m+[38;2;160;19;179m*[38;2;138;20;158m*[38;2;141;20;166m*[38;2;165;15;191m+[38;2;188;16;203mx[38;2;214;17;233mx[38;2;191;12;217mx[38;2;169;14;188m+[38;2;161;16;183m*[38;2;158;14;184m+[38;2;198;16;232m=[38;2;160;10;176m8[38;2;176;11;188m8[38;2;205;13;216m8[38;2;222;16;233m#[38;2;234;16;240m#[38;2;207;12;219m8[38;2;176;11;190m8[38;2;154;12;165m8[38;2;168;16;179m*[38;2;175;14;187m=[38;2;188;14;203mx[38;2;154;10;169m8[38;2;177;11;194m8[38;2;197;15;210m8[38;2;220;22;233m8[38;2;230;30;247m#[38;2;235;51;248m#[38;2;195;53;204m8[38;2;174;74;178mx[38;2;180;132;184m=   [0m
[0;1m                             [38;2;96;174;180m+[38;2;70;195;207m=[38;2;40;182;211mx[38;2;25;181;212m8[38;2;23;194;230m#[38;2;24;191;242m8[38;2;44;143;237mx[38;2;49;93;202m=[38;2;65;88;232m+[38;2;73;71;220mx[38;2;88;67;203m8[38;2;100;56;223m8[38;2;112;56;243m8[38;2;118;62;241m#[38;2;132;41;246m8[38;2;125;26;227m8[38;2;127;18;219m8[38;2;142;16;222m8[38;2;165;16;225m8[38;2;172;13;211m8[38;2;194;13;217m8[38;2;231;16;243m8[38;2;235;11;240m#[38;2;236;14;238m#[38;2;235;17;236m#[38;2;235;19;237m#[38;2;206;12;211m8[38;2;212;14;222mx[38;2;207;16;219m=[38;2;192;15;200mx[38;2;221;19;229m=[38;2;195;16;196mx[38;2;228;16;231mx[38;2;200;11;209m8[38;2;244;16;243m8[38;2;217;14;215m8[38;2;162;11;160m8[38;2;194;17;190m+[38;2;194;21;190m=[38;2;141;17;137m* [38;2;55;11;145m.[38;2;61;12;156m+[38;2;70;12;171m+[38;2;67;11;159m*[38;2;16;4;48m:[38;2;15;9;38m.   [38;2;62;11;137m:[38;2;60;12;129m*[38;2;95;63;142mx[38;2;136;111;175m8[38;2;121;90;164m8[38;2;169;52;197m8[38;2;174;21;187m8[38;2;164;18;189m*[38;2;190;32;207m.[38;2;93;23;106m:[38;2;144;27;162m:[38;2;135;17;144m*[38;2;181;17;195m+[38;2;184;18;192m=[38;2;197;19;203m=[38;2;207;17;217m=[38;2;222;17;223mx[38;2;171;12;175m8[38;2;184;13;193m8[38;2;208;11;216m8[38;2;216;13;223m8[38;2;196;14;202m8[38;2;199;15;214mx[38;2;167;12;179m8[38;2;169;12;184m8[38;2;148;10;164m8[38;2;213;18;226m+[38;2;178;16;189m+[38;2;159;16;170m*[38;2;142;15;157m*[38;2;167;14;188mx[38;2;218;15;233mx[38;2;196;14;207mx[38;2;162;18;173m+[38;2;169;16;176m+[38;2;200;17;210m+[38;2;204;16;218m=[38;2;202;14;219mx[38;2;180;10;187m8[38;2;180;13;185m8[38;2;191;16;198m8[38;2;211;17;221m8[38;2;204;12;212m8[38;2;169;10;178m8[38;2;188;14;198mx[38;2;191;19;201m+[38;2;179;21;190m*[38;2;159;19;169m+[38;2;144;18;154m*  [38;2;77;37;86m:[38;2;74;10;80m*[38;2;153;14;160m*[38;2;195;20;196m8[38;2;223;25;223m8[38;2;184;33;183m8[38;2;193;125;197m+[38;2;12;12;12m.  [0m
[0;1m                           [38;2;123;200;210m:[38;2;86;189;201m+[38;2;53;178;200mx[38;2;25;144;177m8[38;2;26;159;208m8[38;2;28;168;230m8[38;2;29;166;235m8[38;2;26;139;208m8[38;2;45;100;208m+[38;2;81;76;226m=[38;2;77;58;191m8[38;2;96;61;228m8[38;2;104;45;229m8[38;2;111;44;236m8[38;2;116;46;243m8[38;2;121;44;247m8[38;2;133;30;232m8[38;2;136;23;221m8[38;2;148;17;219m8[38;2;174;13;226m8[38;2;211;12;236m8[38;2;221;14;236m8[38;2;217;15;227m#[38;2;237;16;244m#[38;2;244;17;245m#[38;2;243;15;245m8[38;2;226;14;229m8[38;2;220;15;226m8[38;2;184;12;190m8[38;2;203;15;215mx[38;2;214;17;230m=[38;2;188;15;202mx[38;2;201;17;212m=[38;2;213;18;217m=[38;2;216;15;219mx[38;2;200;11;204m8[38;2;234;12;231m8[38;2;221;13;219m8[38;2;174;12;174m8[38;2;179;15;179m=[38;2;188;16;178m+[38;2;139;15;130m*[38;2;94;15;89m:  [38;2;62;13;110m:[38;2;68;14;123m:       [38;2;64;9;125m:[38;2;68;9;136m+[38;2;46;6;71m*[38;2;125;8;136m8[38;2;204;13;225m8[38;2;169;12;199m8[38;2;120;11;142m+[38;2;73;14;74m: [38;2;147;29;113m.[38;2;143;19;152m:[38;2;145;18;152m*[38;2;186;21;193m*[38;2;177;16;187m+[38;2;188;15;191m=[38;2;206;15;214m=[38;2;187;12;201mx[38;2;228;13;240mx[38;2;224;15;229mx[38;2;162;11;163m8[38;2;184;12;191m8[38;2;168;10;177m8[38;2;212;14;226mx[38;2;192;15;204mx[38;2;220;21;225mx[38;2;180;19;188m+[38;2;169;21;185m:[38;2;152;14;161m*[38;2;213;15;218mx[38;2;218;18;221m=[38;2;200;19;204m+[38;2;178;17;184m+[38;2;183;13;186m=[38;2;208;18;210m=[38;2;164;15;166m8[38;2;220;18;224m8[38;2;195;13;198m8[38;2;212;17;220mx[38;2;186;15;197mx[38;2;204;14;217mx[38;2;196;18;208mx[38;2;197;19;213m+[38;2;148;16;164m+[38;2;162;18;179m*[38;2;152;18;176m:[38;2;105;20;142m:[38;2;74;25;110m*[38;2;115;82;138m=[38;2;252;252;255m#[38;2;87;65;95m8[38;2;123;19;147m*[38;2;167;21;164m:[38;2;203;19;194m*[38;2;209;23;206mx[38;2;161;27;162m8[38;2;169;123;168m*   [0m
[0;1m                           [38;2;75;164;187m*[38;2;57;195;232m=[38;2;32;146;189m8[38;2;43;173;249m8[38;2;53;151;237m8[38;2;54;138;233m8[38;2;46;112;205m8[38;2;48;91;211m+[38;2;66;65;205m+[38;2;69;46;176m8[38;2;93;54;225m8[38;2;104;53;242m8[38;2;120;49;240m8[38;2;120;36;231m8[38;2;121;29;229m8[38;2;128;31;235m8[38;2;144;22;228m8[38;2;143;15;204m8[38;2;153;11;197m8[38;2;183;11;216m8[38;2;223;12;236m8[38;2;228;14;233m8[38;2;243;16;245m8[38;2;248;17;249m#[38;2;248;18;246m#[38;2;227;14;228m#[38;2;222;13;225m8[38;2;205;13;208m8[38;2;170;10;175m8[38;2;214;16;222mx[38;2;212;17;219mx[38;2;224;15;228mx[38;2;215;16;222m=[38;2;200;17;204m=[38;2;220;18;223m=[38;2;165;10;167m8[38;2;214;10;213m8[38;2;212;12;215m8[38;2;187;11;191m8[38;2;208;14;208mx[38;2;201;17;191m*[38;2;181;19;180m=[38;2;185;21;188m+[38;2;122;18;126m:[38;2;98;13;103m.      [38;2;72;14;120m.[38;2;91;15;143m:[38;2;86;12;133m*[38;2;94;13;142m*[38;2;95;11;130m*[38;2;188;14;217m+[38;2;171;12;182m8[38;2;204;15;218m8[38;2;158;14;184m8[38;2;122;13;151m+[38;2;76;12;115m:[38;2;79;12;111m:[38;2;156;24;182m:[38;2;115;25;134m*[38;2;158;25;171m*[38;2;166;21;171m*[38;2;119;15;115m*[38;2;167;18;163m*[38;2;164;16;168m+[38;2;197;17;208m+[38;2;188;13;195mx[38;2;188;13;185m8[38;2;223;15;218m8[38;2;213;15;214m8[38;2;204;16;205mx[38;2;195;14;200mx[38;2;168;11;172m8[38;2;189;12;188m8[38;2;200;16;197m=[38;2;171;20;173m*[38;2;168;21;176m+[38;2;217;24;219mx[38;2;185;20;183m=[38;2;164;16;160m+[38;2;173;15;174m=[38;2;162;12;164m8[38;2;198;15;198m8[38;2;227;18;226m8[38;2;226;18;226m#[38;2;213;14;212m8[38;2;226;17;231mx[38;2;213;20;222m+[38;2;194;19;198m*[38;2;182;16;182m+[38;2;146;15;149m*[38;2;106;16;108m:  [38;2;73;11;154m:[38;2;82;16;189m*[38;2;99;43;190mx[38;2;139;85;205m#[38;2;121;64;187mx[38;2;135;15;169m+[38;2;211;17;200mx[38;2;193;23;181m+[38;2;186;56;175m*[38;2;172;84;163m*[38;2;12;12;12m.   [0m
[0;1m                         [38;2;12;12;12m.[38;2;97;180;226m=[38;2;53;148;218mx[38;2;54;138;219m8[38;2;66;148;244m#[38;2;69;138;246m#[38;2;71;109;236m8[38;2;62;82;206m8[38;2;53;61;174m8[38;2;77;66;212mx[38;2;88;53;193m8[38;2;106;49;222m8[38;2;115;44;242m8[38;2;119;42;248m8[38;2;125;35;234m8[38;2;123;25;218m8[38;2;126;19;212m8[38;2;136;19;217m8[38;2;161;13;223m8[38;2;185;13;222m8[38;2;207;15;226m8[38;2;225;16;238m8[38;2;225;13;231m#[38;2;246;14;245m8[38;2;232;13;228m#[38;2;226;12;222m@[38;2;233;14;227m@[38;2;250;17;243m#[38;2;247;19;240m#[38;2;241;18;237m#[38;2;220;14;219m8[38;2;175;12;174m8[38;2;209;15;210mx[38;2;195;14;201mx[38;2;209;18;218m=[38;2;220;20;219m=[38;2;212;18;211mx[38;2;184;13;190m8[38;2;228;14;226m8[38;2;215;13;213m8[38;2;212;13;212m8[38;2;218;14;218m8[38;2;198;15;200mx[38;2;189;17;190m*[38;2;162;16;164m*[38;2;194;18;200m+[38;2;177;20;183m*[38;2;151;18;156m:[38;2;100;11;100m.[38;2;88;11;96m. [38;2;111;13;159m:[38;2;112;14;160m*[38;2;110;17;152m*[38;2;131;19;184m:[38;2;139;18;178m:[38;2;166;14;195m+[38;2;163;11;188m8[38;2;182;12;198m8[38;2;198;15;213mx[38;2;163;16;176m+[38;2;126;14;141m*[38;2;172;27;185m:[38;2;167;17;195m+[38;2;173;16;206m=[38;2;174;19;204m*[38;2;123;15;133m*[38;2;160;22;162m:[38;2;139;17;138m*[38;2;185;18;184m+[38;2;213;16;204m=[38;2;210;17;207mx[38;2;173;14;173m8[38;2;221;12;218m8[38;2;234;15;225m8[38;2;211;15;200m8[38;2;207;15;201mx[38;2;175;13;167m8[38;2;218;22;205m8[38;2;235;28;219m#[38;2;239;21;221m#[38;2;196;17;182m8[38;2;188;17;176mx[38;2;169;17;165m+[38;2;178;16;176m=[38;2;197;18;187m=[38;2;212;19;200mx[38;2;200;17;190m8[38;2;236;25;215m#[38;2;248;29;225m#[38;2;238;29;219m@[38;2;245;28;229m@[38;2;246;22;234m#[38;2;197;16;192m8[38;2;219;16;218mx[38;2;199;15;198mx[38;2;212;18;214m+[38;2;183;16;187m:    [38;2;45;6;90m.[38;2;53;9;134m:[38;2;63;10;157m=[38;2;78;16;162m*[38;2;144;17;163m=[38;2;198;18;198m8[38;2;204;42;205m=[38;2;179;89;180m*     [0m
[0;1m                        [38;2;118;150;205m*[38;2;83;133;209m=[38;2;62;126;231mx[38;2;63;110;212m8[38;2;65;109;226m#[38;2;64;100;225m@[38;2;74;99;241m#[38;2;90;80;233m8[38;2;76;52;191m8[38;2;91;46;230mx[38;2;76;31;175m8[38;2;100;29;197m8[38;2;119;30;223m8[38;2;128;30;238m8[38;2;125;23;233m8[38;2;121;16;210m8[38;2;112;12;179m8[38;2;139;14;208mx[38;2;161;15;226m=[38;2;149;11;184m8[38;2;172;11;192m8[38;2;194;13;207m8[38;2;217;15;229m8[38;2;240;12;239m8[38;2;236;14;233m8[38;2;227;14;223m#[38;2;233;14;227m@[38;2;235;19;227m@[38;2;240;17;231m#[38;2;232;16;225m#[38;2;234;16;230m#[38;2;237;14;232m8[38;2;204;13;202m8[38;2;182;12;182m8[38;2;169;10;172m8[38;2;199;15;201mx[38;2;214;19;209m=[38;2;198;17;193mx[38;2;187;12;187m8[38;2;230;13;224m8[38;2;195;11;190m8[38;2;181;10;178m8[38;2;196;11;195m8[38;2;180;11;179m8[38;2;197;15;196mx[38;2;187;18;185m+[38;2;146;20;140m*[38;2;148;15;138m*[38;2;174;15;176m*[38;2;157;15;167m+[38;2;155;20;168m+[38;2;122;16;125m*[38;2;121;15;124m:[38;2;89;9;96m:[38;2;102;12;112m:[38;2;172;21;192m:[38;2;169;18;183m*[38;2;182;19;196m+[38;2;174;19;189m=[38;2;132;16;139m*[38;2;124;17;127m*[38;2;173;21;181m*[38;2;193;18;207m+[38;2;191;19;204m*[38;2;170;19;178m*[38;2;143;17;146m+[38;2;168;20;169m+[38;2;188;18;182m+[38;2;189;18;181m=[38;2;196;17;186mx[38;2;174;13;163m8[38;2;194;15;177m8[38;2;205;18;186m8[38;2;207;19;189m8[38;2;195;13;178m8[38;2;194;17;166m8[38;2;202;21;166m8[38;2;222;24;182m8[38;2;239;34;197m8[38;2;237;47;190m#[38;2;252;59;194m#[38;2;241;46;183m@[38;2;238;46;186m#[38;2;215;39;172m8[38;2;161;22;133m8[38;2;204;20;180mx[38;2;231;27;198mx[38;2;202;30;167m8[38;2;235;41;190m#[38;2;239;45;189m@[38;2;244;53;192m@[38;2;249;54;200m@[38;2;250;46;210m@[38;2;230;29;205m#[38;2;205;19;188m8[38;2;188;14;180m8[38;2;192;14;191m8[38;2;165;12;165m8[38;2;208;17;208m*[38;2;127;19;137m.[38;2;105;17;152m.[38;2;110;17;167m:[38;2;80;11;127m*[38;2;82;11;155m*[38;2;78;11;163m*[38;2;97;21;114m:[38;2;137;21;145m*[38;2;190;26;189m=[38;2;191;25;185m8[38;2;186;60;181m=      [0m
[0;1m                       [38;2;125;120;192m=[38;2;106;107;222m+[38;2;60;72;166m8[38;2;89;110;243m8[38;2;95;102;246m8[38;2;92;87;237m#[38;2;95;80;242m#[38;2;92;68;233m#[38;2;95;37;215m8[38;2;85;23;171m8[38;2;95;26;177m8[38;2;124;38;230m8[38;2;124;24;225m8[38;2;124;18;221m8[38;2;123;15;213m8[38;2;116;13;195m8[38;2;130;13;207mx[38;2;164;16;231m+[38;2;159;14;208m+[38;2;158;13;201m+[38;2;170;12;202mx[38;2;215;16;233mx[38;2;172;12;181m8[38;2;192;11;201m8[38;2;221;12;221m8[38;2;228;14;226m8[38;2;237;15;235m8[38;2;231;14;230m#[38;2;226;10;222m#[38;2;234;11;230m8[38;2;227;12;224m8[38;2;229;13;225m8[38;2;201;12;203m8[38;2;172;11;172m8[38;2;234;15;234mx[38;2;165;10;167m8[38;2;217;17;219m=[38;2;207;18;205m=[38;2;202;16;198mx[38;2;189;12;186m8[38;2;235;16;223m8[38;2;224;16;216m8[38;2;198;13;193m8[38;2;166;10;162m8[38;2;217;16;211mx[38;2;202;16;198mx[38;2;234;17;234m=[38;2;227;14;232m=[38;2;218;17;215m+[38;2;197;18;197m*[38;2;150;15;154m*[38;2;156;15;161m*[38;2;193;17;193m*[38;2;194;17;197m+[38;2;182;17;189m=[38;2;203;18;212m+[38;2;177;16;183m+[38;2;181;19;184m+[38;2;192;21;193m+[38;2;194;20;193m+[38;2;181;18;174m*[38;2;169;16;164m*[38;2;178;18;177m*[38;2;166;17;169m+[38;2;209;18;205m+[38;2;208;18;206m+[38;2;195;17;196m+[38;2;187;16;188m+[38;2;206;16;196m=[38;2;169;13;152m8[38;2;207;16;183m8[38;2;215;16;190m8[38;2;218;20;190m8[38;2;197;20;167m8[38;2;174;19;142m8[38;2;194;29;152m8[38;2;232;47;173m8[38;2;238;52;171m#[38;2;243;50;169m#[38;2;235;55;167m@[38;2;241;67;167m@[38;2;246;79;165m@[38;2;252;86;173m@[38;2;251;90;175m@[38;2;249;89;174m@[38;2;235;78;164m@[38;2;223;58;160m8[38;2;186;44;135m8[38;2;200;50;145m8[38;2;237;64;170m#[38;2;246;77;173m@[38;2;249;86;175m@[38;2;253;92;179m@[38;2;255;91;183m@[38;2;250;71;186m#[38;2;213;39;171m8[38;2;184;16;164m8[38;2;188;13;179m8[38;2;183;12;177m8[38;2;168;13;165mx[38;2;157;18;163m*[38;2;108;16;128m*[38;2;95;13;131m*[38;2;79;12;117m*[38;2;84;12;134m*[38;2;125;14;196m*[38;2;148;14;207m=[38;2;152;18;163m8[38;2;175;25;172m8[38;2;220;54;213m=[38;2;126;65;124m+      [0m
[0;1m                      [38;2;122;94;181m+[38;2;126;81;215m+[38;2;113;78;225mx[38;2;99;74;214m8[38;2;114;88;251m#[38;2;113;69;249m8[38;2;113;55;232m#[38;2;117;47;231m#[38;2;111;35;231m8[38;2;110;24;204m8[38;2;120;23;206m8[38;2;130;22;219m8[38;2;134;15;230m8[38;2;131;12;210m8[38;2;130;11;201m8[38;2;120;11;183m8[38;2;135;13;207mx[38;2;156;15;218m=[38;2;182;17;227m+[38;2;192;17;226m+[38;2;174;16;207m=[38;2;212;17;235m+[38;2;204;15;216m=[38;2;210;14;219mx[38;2;186;12;192m8[38;2;222;16;226m8[38;2;215;13;215m8[38;2;214;12;214m8[38;2;228;13;229m8[38;2;232;14;234m8[38;2;201;10;203m8[38;2;166;9;169m8[38;2;218;13;227mx[38;2;215;13;220mx[38;2;215;14;214mx[38;2;239;15;234mx[38;2;184;10;181m8[38;2;212;15;207mx[38;2;228;18;225m=[38;2;225;18;224m=[38;2;222;15;218mx[38;2;234;14;219m8[38;2;245;19;230m8[38;2;239;19;227m8[38;2;218;15;211m8[38;2;221;16;214mx[38;2;214;19;206m=[38;2;205;18;203m=[38;2;188;14;193mx[38;2;198;16;198mx[38;2;231;21;227m=[38;2;213;20;209m=[38;2;181;15;184m=[38;2;195;15;190m+[38;2;184;17;176m+[38;2;191;18;186m+[38;2;189;14;189m=[38;2;204;17;200m+[38;2;216;21;212m+[38;2;214;20;213m=[38;2;209;16;209mx[38;2;209;16;204m=[38;2;213;16;209m=[38;2;210;16;208m=[38;2;200;18;200m+[38;2;197;17;187m+[38;2;195;14;182mx[38;2;174;11;162m8[38;2;194;12;183m8[38;2;195;14;175m8[38;2;200;15;173m8[38;2;194;15;163m8[38;2;170;14;135m8[38;2;171;23;129m8[38;2;194;38;139m8[38;2;231;56;161m8[38;2;236;66;158m@[38;2;245;72;159m@[38;2;249;78;160m@[38;2;252;89;164m@[38;2;255;93;166m@[38;2;255;99;164m@[38;2;255;104;161m@[38;2;255;100;157m@[38;2;255;105;161m@[38;2;255;114;164m@[38;2;255;125;166m@[38;2;255;131;171m@[38;2;252;118;166m#[38;2;230;88;149m8[38;2;203;60;131m8[38;2;252;108;168m#[38;2;252;124;171m@[38;2;255;133;173m@@[38;2;255;128;177m@[38;2;235;92;169m#[38;2;203;46;160m8[38;2;176;16;157m8[38;2;178;13;167m8[38;2;211;16;201mx[38;2;199;19;196m=[38;2;183;22;188m+[38;2;174;16;176m*[38;2;156;16;153m*[38;2;155;16;161m*[38;2;158;14;168m=[38;2;172;14;170m8[38;2;180;17;178m8[38;2;161;26;159m8[38;2;188;103;181m+       [0m
[0;1m                      [38;2;163;64;206m+[38;2;158;25;217mx[38;2;134;31;205m8[38;2;151;43;250m8[38;2;132;41;233m@[38;2;141;37;233m#[38;2;143;26;238m8[38;2;131;15;221m8[38;2;120;12;198m8[38;2;131;12;191m8[38;2;158;15;220m8[38;2;167;15;226m#[38;2;180;15;236m#[38;2;179;14;224m8[38;2;146;11;179m8[38;2;172;15;214m=[38;2;146;15;192m+[38;2;161;16;199m+[38;2;180;17;203m=[38;2;198;18;220m=[38;2;195;18;226m=[38;2;181;16;200mx[38;2;185;15;195mx[38;2;201;14;208mx[38;2;167;10;172m8[38;2;196;9;200m8[38;2;198;10;201m8[38;2;197;11;200m8[38;2;197;11;199m8[38;2;161;11;165m8[38;2;199;14;201mx[38;2;202;16;206mx[38;2;171;12;176m8[38;2;197;10;197m8[38;2;183;12;183m8[38;2;172;12;172m8[38;2;164;10;164m8[38;2;220;19;220m=[38;2;207;18;204m=[38;2;215;19;212m=[38;2;209;17;208mx[38;2;196;11;188m8[38;2;220;16;208m8[38;2;240;20;229m8[38;2;233;20;225m#[38;2;223;15;211m8[38;2;189;14;178m8[38;2;165;13;158m8[38;2;220;16;221mx[38;2;199;16;200mx[38;2;206;16;200mx[38;2;219;16;213mx[38;2;161;12;165m8[38;2;231;15;235mx[38;2;216;16;218mx[38;2;201;17;203mx[38;2;194;16;200mx[38;2;198;15;197mx[38;2;196;17;190mx[38;2;189;18;181mx[38;2;204;17;201m=[38;2;188;15;174m=[38;2;215;16;197m=[38;2;213;15;199mx[38;2;169;11;162m8[38;2;161;11;152m8[38;2;219;17;202mx[38;2;225;17;205mx[38;2;180;11;165m8[38;2;176;16;154m8[38;2;172;24;138m8[38;2;186;36;133m8[38;2;227;53;151m8[38;2;242;65;155m#[38;2;242;73;154m@[38;2;249;82;159m@[38;2;251;83;156m@[38;2;254;87;157m@[38;2;255;91;157m@[38;2;255;93;155m@[38;2;255;100;155m@[38;2;255;106;155m@[38;2;255;110;155m@[38;2;255;111;156m@[38;2;255;121;162m@[38;2;255;126;163m@[38;2;255;125;162m@[38;2;255;127;166m@[38;2;255;129;168m@[38;2;255;127;170m@[38;2;255;120;172m@[38;2;254;85;177m8[38;2;221;67;150m8[38;2;240;96;166m8[38;2;251;129;181m@[38;2;255;144;188m@[38;2;255;143;188m@[38;2;239;120;175m@[38;2;218;75;164m8[38;2;172;26;154m8[38;2;219;20;205mx[38;2;212;17;204mx[38;2;205;17;203mx[38;2;180;15;175m=[38;2;219;18;209m=[38;2;233;18;220mx[38;2;193;15;180m8[38;2;179;17;164m8[38;2;174;31;162mx[38;2;146;59;140m+        [0m
[0;1m                    [38;2;164;65;175m+[38;2;176;64;203m+[38;2;166;31;208m=[38;2;143;14;176m8[38;2;173;15;214m8[38;2;193;19;245m8[38;2;183;21;240m#[38;2;184;18;238m8[38;2;166;13;216m8[38;2;139;10;181m8[38;2;183;15;229m=[38;2;157;11;185m8[38;2;203;15;230m8[38;2;211;14;234m#[38;2;209;12;232m#[38;2;195;11;210m8[38;2;224;13;242mx[38;2;182;13;200m=[38;2;162;15;179m*[38;2;144;15;158m*[38;2;185;15;196m+[38;2;206;15;220m=[38;2;183;13;202mx[38;2;186;15;199mx[38;2;230;18;235m=[38;2;195;14;202mx[38;2;202;13;216mx[38;2;216;17;224mx[38;2;222;16;226m=[38;2;207;15;214m=[38;2;202;15;216mx[38;2;215;16;231mx[38;2;231;16;238mx[38;2;223;15;229mx[38;2;210;13;222mx[38;2;204;15;213mx[38;2;212;17;216m=[38;2;214;17;219m=[38;2;203;15;213mx[38;2;197;16;202mx[38;2;223;17;223m=[38;2;216;15;215m=[38;2;186;13;187mx[38;2;209;15;207mx[38;2;175;11;169m8[38;2;209;14;200m8[38;2;237;18;228m8[38;2;224;14;209m#[38;2;235;17;217m8[38;2;227;17;210m8[38;2;218;14;206m8[38;2;184;14;179m8[38;2;230;16;220mx[38;2;193;13;184mx[38;2;192;15;196m=[38;2;188;14;193m=[38;2;209;16;211m=[38;2;226;16;227m=[38;2;219;14;221m=[38;2;186;14;174m=[38;2;199;19;183m=[38;2;203;18;190mx[38;2;175;12;167m8[38;2;164;10;154m8[38;2;168;11;153m8[38;2;163;12;147m8[38;2;199;15;184mx[38;2;222;22;201m=[38;2;206;29;168mx[38;2;224;38;170mx[38;2;157;29;115m8[38;2;186;38;127m8[38;2;242;77;160m8[38;2;244;90;156m@[38;2;252;91;153m@[38;2;255;90;154m@[38;2;252;90;153m@[38;2;246;93;152m@[38;2;248;101;158m@[38;2;253;105;162m@[38;2;255;103;161m@[38;2;254;95;155m@[38;2;255;99;160m@[38;2;255;101;159m@[38;2;255;100;157m@[38;2;255;95;159m@[38;2;255;107;168m@[38;2;255;106;173m@[38;2;255;96;174m@[38;2;255;92;179m@[38;2;255;96;181m@[38;2;255;102;186m@[38;2;255;106;193m@[38;2;255;104;200m@[38;2;239;73;195m#[38;2;211;42;180m8[38;2;182;32;160m8[38;2;233;78;189m#[38;2;240;109;191m@[38;2;253;137;203m@[38;2;250;138;204m@[38;2;224;70;190m8[38;2;174;34;154m8[38;2;227;25;211mx[38;2;172;16;163m8[38;2;186;18;171m8[38;2;204;21;190m8[38;2;183;20;171m8[38;2;214;32;199m=[38;2;181;68;175m*[38;2;173;89;164m*         [0m
[0;1m                    [38;2;192;55;198m+[38;2;193;44;208m=[38;2;208;16;230mx[38;2;168;14;176m8[38;2;205;15;215m8[38;2;217;16;230m#[38;2;232;17;249m#[38;2;233;14;244m8[38;2;220;13;232m8[38;2;194;12;208m8[38;2;189;14;206mx[38;2;218;14;232m=[38;2;200;13;205m8[38;2;225;15;228m#[38;2;228;16;235m#[38;2;218;13;223m8[38;2;185;11;188m8[38;2;196;14;200mx[38;2;192;18;201m*[38;2;155;17;156m*[38;2;168;17;170m*[38;2;178;16;187m+[38;2;187;16;202m=[38;2;213;18;222m=[38;2;214;17;219m=[38;2;213;16;222m=[38;2;219;16;235m=[38;2;193;17;205mx[38;2;201;17;208m=[38;2;212;18;219m+[38;2;212;17;225m=[38;2;220;17;226mx[38;2;210;15;212mx[38;2;185;14;188mx[38;2;210;17;223m=[38;2;216;17;233m=[38;2;195;17;200m=[38;2;198;17;200m=[38;2;223;17;229m=[38;2;213;18;217m=[38;2;214;18;208m=[38;2;216;17;207m=[38;2;223;18;224m=[38;2;158;10;153m8[38;2;214;16;200mx[38;2;220;15;203mx[38;2;180;10;168m8[38;2;236;15;220m8[38;2;229;19;210m#[38;2;234;20;212m#[38;2;234;17;212m#[38;2;214;13;199m8[38;2;185;12;168m8[38;2;160;12;146m8[38;2;206;15;203mx[38;2;233;18;220m=[38;2;192;18;175mx[38;2;202;19;185mx[38;2;158;11;149m8[38;2;181;11;166m8[38;2;201;18;180m8[38;2;206;21;182m8[38;2;183;13;162m8[38;2;223;17;197m=[38;2;213;22;181m=[38;2;188;26;152mx[38;2;191;35;145mx[38;2;168;38;117m8[38;2;225;67;149m8[38;2;248;84;159m#[38;2;243;88;151m@[38;2;244;84;146m@[38;2;253;93;151m@[38;2;255;101;153m@[38;2;255;106;154m@[38;2;255;112;158m@[38;2;255;112;160m@[38;2;255;107;160m@[38;2;255;101;159m@[38;2;255;102;163m@[38;2;255;102;168m@[38;2;255;97;171m@[38;2;255;94;175m@[38;2;255;92;177m@[38;2;255;86;180m@[38;2;255;66;188m@[38;2;239;54;187m@[38;2;234;47;195m@[38;2;240;47;211m@[38;2;246;50;222m@[38;2;237;51;213m@[38;2;238;51;216m@[38;2;249;51;231m@[38;2;241;47;229m@[38;2;240;47;233m#[38;2;246;42;244m8[38;2;237;30;238m8[38;2;185;19;193m8[38;2;173;25;170m8[38;2;215;76;196m8[38;2;245;123;216m@[38;2;254;139;223m@[38;2;251;111;214m8[38;2;196;54;167m8[38;2;184;30;164m8[38;2;232;43;208m8[38;2;199;43;180mx[38;2;171;64;161m+[38;2;187;107;183m*           [0m
[0;1m                   [38;2;198;72;194m+[38;2;173;62;166m+[38;2;182;42;182m+[38;2;159;11;163m8[38;2;233;15;232m#[38;2;235;15;231m#[38;2;237;16;234m#[38;2;247;18;246m#[38;2;246;13;242m8[38;2;229;13;225m8[38;2;203;12;201m8[38;2;218;13;219mx[38;2;223;15;216m+[38;2;186;12;180m8[38;2;234;14;230m8[38;2;225;14;222m#[38;2;214;13;204m8[38;2;200;13;188m8[38;2;177;12;168m8[38;2;181;14;177mx[38;2;188;15;185m+[38;2;154;14;152m*[38;2;131;13;132m*[38;2;159;16;164m*[38;2;173;16;176m+[38;2;193;17;193m+[38;2;203;17;203m+[38;2;211;17;213m+[38;2;186;16;189m=[38;2;189;18;192m+[38;2;187;19;193m+[38;2;210;22;220m+[38;2;200;18;206m+[38;2;185;18;188m*[38;2;174;19;176m*[38;2;189;19;190m+[38;2;222;19;223m+[38;2;202;18;201m+[38;2;190;17;189m+[38;2;199;17;201m+[38;2;189;16;192m=[38;2;221;18;208m=[38;2;224;18;205mx[38;2;192;17;176m8[38;2;201;17;175m8[38;2;197;17;167m8[38;2;200;17;170m8[38;2;209;16;183m8[38;2;198;18;172m8[38;2;173;16;146m8[38;2;168;14;141m8[38;2;184;13;159m8[38;2;198;13;174m8[38;2;205;16;174m8[38;2;205;17;171m8[38;2;194;13;168m8[38;2;186;13;158m8[38;2;199;21;164m8[38;2;209;24;171m8[38;2;200;15;167m8[38;2;167;13;138m8[38;2;223;23;179mx[38;2;221;29;172mx[38;2;227;31;175mx[38;2;203;34;148mx[38;2;173;40;115m8[38;2;224;64;142m8[38;2;253;84;158m#[38;2;245;83;148m@[38;2;252;88;151m@[38;2;254;91;150m@[38;2;250;91;147m@[38;2;248;97;147m@[38;2;255;110;155m@[38;2;255;114;158m@[38;2;255;109;159m@[38;2;255;104;158m@[38;2;255;103;161m@[38;2;254;99;165m@[38;2;251;84;165m@[38;2;255;84;177m@[38;2;254;79;187m@[38;2;237;63;186m@[38;2;235;55;196m@[38;2;236;53;205m@[38;2;236;52;214m@[38;2;232;40;226m@[38;2;233;32;237m8[38;2;210;24;225m8[38;2;205;22;226m8[38;2;190;14;219m8[38;2;162;12;188m8[38;2;161;17;187m8[38;2;187;25;217m8[38;2;185;22;220m8[38;2;175;22;208m8[38;2;175;22;210m8[38;2;184;21;225m8[38;2;181;19;222m8[38;2;154;16;192m8[38;2;141;17;173m8[38;2;169;39;189m8[38;2;239;95;234m#[38;2;238;107;224m@[38;2;237;106;217m@[38;2;237;93;212m8[38;2;182;40;162m+[38;2;176;94;166m+             [0m
[0;1m                    [38;2;199;65;195m+[38;2;189;42;187m=[38;2;213;14;211mx[38;2;218;13;210m8[38;2;241;19;229m8[38;2;243;22;231m#[38;2;242;22;230m@[38;2;237;18;224m#[38;2;229;18;214m#[38;2;228;17;214m8[38;2;172;10;168m8[38;2;221;14;211m+[38;2;218;14;205m=[38;2;189;11;179m8[38;2;228;13;218m#[38;2;239;16;222m8[38;2;238;18;215m8[38;2;233;17;211m8[38;2;212;13;203m8[38;2;229;16;209mx[38;2;206;16;191m=[38;2;189;17;182m+[38;2;177;19;174m*[38;2;171;18;161m+[38;2;163;17;159m+[38;2;133;14;132m*[38;2;133;14;131m:[38;2;158;16;157m*[38;2;135;15;136m*[38;2;154;17;154m:[38;2;140;14;136m:[38;2;166;18;161m*[38;2;149;17;148m*[38;2;151;16;152m*[38;2;179;19;180m*[38;2;162;18;156m*[38;2;150;16;150m*[38;2;177;17;182m*[38;2;195;17;201m+[38;2;232;21;234m=[38;2;222;20;208mx[38;2;181;16;162m8[38;2;221;21;195m8[38;2;233;32;195m#[38;2;249;37;204m8[38;2;233;35;191m#[38;2;245;36;202m#[38;2;239;36;195m#[38;2;238;39;189m8[38;2;221;32;175m8[38;2;210;21;169m8[38;2;172;20;138m8[38;2;223;25;177mx[38;2;208;21;168mx[38;2;206;17;178mx[38;2;221;21;185mx[38;2;238;27;192mx[38;2;163;21;128m8[38;2;208;29;158mx[38;2;224;37;160mx[38;2;175;42;121m8[38;2;210;62;140m8[38;2;234;75;152m#[38;2;241;81;148m#[38;2;247;94;152m@[38;2;255;102;158m@[38;2;255;97;156m@[38;2;251;92;151m@[38;2;255;102;158m@[38;2;255;107;162m@[38;2;254;102;160m@[38;2;242;95;152m@[38;2;238;95;149m@[38;2;240;96;154m@[38;2;247;94;168m@[38;2;250;87;170m@[38;2;253;93;183m@[38;2;254;99;197m@[38;2;249;84;202m@[38;2;255;79;215m@[38;2;254;71;226m@[38;2;239;56;230m@[38;2;230;34;240m8[38;2;196;20;221m8[38;2;174;17;212m8[38;2;156;15;207m8[38;2;148;15;203m8[38;2;143;16;204m8[38;2;138;18;204m8[38;2;119;15;186m8[38;2;128;17;209mx[38;2;133;19;227m=[38;2;123;18;216mx[38;2;116;16;207mx[38;2;123;17;220m=[38;2;120;19;221m=[38;2;111;19;210mx[38;2;120;20;232mx[38;2;116;25;222mx[38;2;120;26;222mx[38;2;137;25;236mx[38;2;114;21;171m8[38;2;135;30;181m8[38;2;203;71;230m8[38;2;233;95;244m#[38;2;192;59;227mx[38;2;181;99;199m=[38;2;12;12;12m.            [0m
[0;1m                   [38;2;186;107;174m+[38;2;181;89;173m+[38;2;184;51;171m+[38;2;196;21;175m+[38;2;217;17;191m+[38;2;209;26;182m8[38;2;249;33;215m#[38;2;255;35;217m@[38;2;253;37;216m#[38;2;247;30;211m#[38;2;232;21;199m#[38;2;207;12;182m8[38;2;234;15;208m=[38;2;216;18;194m+[38;2;205;17;187mx[38;2;213;13;196m8[38;2;219;15;192m8[38;2;240;20;203m8[38;2;230;20;195m#[38;2;236;17;205m8[38;2;219;20;189m8[38;2;194;16;166m8[38;2;166;12;147m8[38;2;200;14;196mx[38;2;211;15;200mx[38;2;223;18;211m=[38;2;204;17;197m=[38;2;198;16;195m=[38;2;175;17;167m=[38;2;164;17;157m*[38;2;158;17;151m:[38;2;133;16;125m:[38;2;187;23;175m:[38;2;166;25;156m:[38;2;179;24;172m:[38;2;175;19;170m*[38;2;131;19;126m*[38;2;136;20;132m*[38;2;151;19;149m*[38;2;186;20;182m*[38;2;215;17;204m+[38;2;211;18;193mx[38;2;168;15;149m8[38;2;204;22;176m8[38;2;237;39;187m#[38;2;246;50;190m#[38;2;239;53;179m@[38;2;251;55;184m@[38;2;250;56;183m@[38;2;242;58;174m@[38;2;238;59;171m@[38;2;236;57;170m@[38;2;234;46;163m#[38;2;244;49;167m8[38;2;231;46;158m8[38;2;209;37;147m8[38;2;209;43;144m8[38;2;223;56;150m8[38;2;238;68;157m8[38;2;233;70;148m#[38;2;244;76;146m#[38;2;246;90;149m@[38;2;255;106;157m@[38;2;255;113;158m@[38;2;253;110;155m@[38;2;255;111;156m@[38;2;255;108;157m@[38;2;254;98;159m@[38;2;250;92;159m#[38;2;236;89;152m@[38;2;248;97;165m@[38;2;255;102;179m@[38;2;246;89;171m@[38;2;244;89;173m@[38;2;239;86;177m@[38;2;244;75;190m#[38;2;246;65;195m8[38;2;237;64;200m#[38;2;239;68;215m@[38;2;237;57;226m@[38;2;245;60;239m@[38;2;245;59;247m@[38;2;227;48;243m@[38;2;205;35;243m#[38;2;175;23;238m8[38;2;130;13;205m8[38;2;107;13;181m8[38;2;121;13;218mx[38;2;91;11;186m=[38;2;82;12;190m+[38;2;70;14;167m*[38;2;61;21;163m*[38;2;51;22;168m*[38;2;46;20;179m*[38;2;54;25;163mx[38;2;53;27;179mx[38;2;49;30;190mx[38;2;49;39;202mx[38;2;50;43;172m8[38;2;50;42;167m8[38;2;51;45;174m8[38;2;56;51;190m8[38;2;62;47;183m8[38;2;56;40;170m8[38;2;76;36;176m8[38;2;132;45;211m8[38;2;196;72;247m#[38;2;144;59;184m8[38;2;163;93;203m+            [0m
[0;1m                    [38;2;12;12;12m.[38;2;192;106;177m*[38;2;197;66;172m*[38;2;174;24;142m*[38;2;180;30;139m8[38;2;236;48;182m#[38;2;254;58;197m@[38;2;241;49;183m@[38;2;252;46;194m#[38;2;239;36;188m#[38;2;227;19;184m8[38;2;222;18;187mx[38;2;222;23;190m=[38;2;206;23;179mx[38;2;182;15;160m8[38;2;212;18;173m8[38;2;238;27;189m8[38;2;233;30;184m#[38;2;229;26;186m#[38;2;249;33;201m8[38;2;225;26;179m8[38;2;199;18;162m8[38;2;178;13;155m8[38;2;237;16;218mx[38;2;210;16;191mx[38;2;200;15;186mx[38;2;215;15;207mx[38;2;172;14;158m8[38;2;221;19;197mx[38;2;203;17;183mx[38;2;213;15;200mx[38;2;215;17;195mx[38;2;199;18;183m+[38;2;189;19;181m*[38;2;191;19;187m+[38;2;158;15;144m*[38;2;193;21;172m:[38;2;131;15;119m*[38;2;170;18;156m*[38;2;185;16;162m+[38;2;200;18;172m+[38;2;204;18;176m=[38;2;218;20;186mx[38;2;218;34;169m8[38;2;235;48;173m8[38;2;240;60;170m#[38;2;253;71;177m@[38;2;255;71;177m@[38;2;252;72;172m@[38;2;252;78;172m@[38;2;255;85;176m@[38;2;243;67;160m@[38;2;239;64;156m@[38;2;234;61;153m@[38;2;245;59;158m#[38;2;237;63;153m#[38;2;243;79;157m#[38;2;251;91;159m#[38;2;239;87;144m@[38;2;247;100;150m@[38;2;255;120;161m@[38;2;255;126;163m@[38;2;255;117;160m@[38;2;253;106;155m@[38;2;255;103;154m@[38;2;251;97;154m@[38;2;242;80;156m#[38;2;192;50;129m8[38;2;212;63;149m8[38;2;241;84;177m#[38;2;254;94;194m@[38;2;245;85;185m@[38;2;250;95;198m@[38;2;254;99;216m@[38;2;247;85;227m@[38;2;244;76;228m@[38;2;238;70;229m@[38;2;236;64;238m#[38;2;192;31;213m8[38;2;207;45;233m#[38;2;201;47;235m@[38;2;172;26;231m#[38;2;144;19;227m8[38;2;111;13;208m8[38;2;86;10;184m8[38;2;91;14;197mx[38;2;86;15;197m*[38;2;55;13;143m:[38;2;50;21;168m.[38;2;30;13;106m*[38;2;43;21;170m*[38;2;48;29;207m+[38;2;48;35;206mx[38;2;48;43;169m8[38;2;48;49;171m8[38;2;53;58;187m8[38;2;63;71;215m8[38;2;68;74;218m8[38;2;70;79;217m8[38;2;70;80;218m8[38;2;70;79;221m8[38;2;74;78;222m8[38;2;59;62;204m8[38;2;45;46;181m8[38;2;50;37;166m8[38;2;100;44;181m8[38;2;127;46;199m8[38;2;122;54;173m8[38;2;159;117;194m+           [0m
[0;1m                     [38;2;12;12;12m.[38;2;188;69;155m+[38;2;223;43;175m=[38;2;222;53;165m8[38;2;237;61;173m@[38;2;253;65;183m@[38;2;246;61;176m@[38;2;241;58;175m@[38;2;247;51;183m#[38;2;231;26;178m8[38;2;182;16;148m8[38;2;226;21;183mx[38;2;225;21;179mx[38;2;176;14;142m8[38;2;200;25;154m8[38;2;233;37;173m8[38;2;237;42;175m#[38;2;244;46;184m#[38;2;240;44;179m#[38;2;231;41;173m#[38;2;240;36;182m8[38;2;223;22;175m8[38;2;166;11;137m8[38;2;219;19;186mx[38;2;225;19;198mx[38;2;172;11;154m8[38;2;192;14;165m8[38;2;202;19;164m8[38;2;212;21;170m8[38;2;221;20;180m8[38;2;216;19;175m8[38;2;195;18;158m8[38;2;181;15;151m8[38;2;176;13;154m8[38;2;172;13;148m8[38;2;231;20;196mx[38;2;215;18;184mx[38;2;201;15;176mx[38;2;198;16;169m=[38;2;200;17;173m+[38;2;190;16;165m+[38;2;186;17;157m=[38;2;210;23;167mx[38;2;196;40;142m8[38;2;246;63;169m8[38;2;248;69;166m@[38;2;254;76;171m@[38;2;251;76;165m@[38;2;250;74;163m@[38;2;252;70;165m@[38;2;250;61;161m#[38;2;233;55;150m#[38;2;240;55;155m8[38;2;229;47;152m8[38;2;198;33;132m8[38;2;198;43;130m8[38;2;217;62;141m8[38;2;246;82;162m8[38;2;250;93;161m#[38;2;254;106;160m@[38;2;255;117;164m@[38;2;255;121;171m@[38;2;251;110;165m@[38;2;237;95;155m@[38;2;246;89;164m#[38;2;244;80;174m#[38;2;244;81;185m#[38;2;239;80;191m@[38;2;248;80;207m@[38;2;237;68;204m@[38;2;193;40;167m8[38;2;220;60;199m8[38;2;241;78;229m#[38;2;243;80;248m#[38;2;237;78;244m#[38;2;232;70;249m#[38;2;208;56;239m@[38;2;192;50;238m@[38;2;178;41;237m@[38;2;165;35;243m#[38;2;126;25;229m8[38;2;93;15;196m8[38;2;72;10;176m8[38;2;56;9;154m8[38;2;62;15;175m+[38;2;54;14;160m:[38;2;25;12;110m:[38;2;30;14;139m*[38;2;34;14;175m+[38;2;34;23;186m+[38;2;34;32;192m=[38;2;36;39;201mx[38;2;53;54;227m=[38;2;43;46;197m+[38;2;39;47;216m*[38;2;41;49;224m+[38;2;55;60;207mx[38;2;52;60;209mx[38;2;46;55;206mx[38;2;49;55;210mx[38;2;50;51;164m8[38;2;57;62;225mx[38;2;48;55;221mx[38;2;48;52;224mx[38;2;46;42;205mx[38;2;87;41;182m8[38;2;110;49;183m8[38;2;134;67;195mx           [0m
[0;1m                   [38;2;12;12;12m.[38;2;197;138;174m=[38;2;189;101;155mx[38;2;233;77;170m=[38;2;226;56;149mx[38;2;239;68;162m8[38;2;247;74;170m@[38;2;255;77;176m@[38;2;248;71;169m@[38;2;247;70;169m@[38;2;240;61;165m@[38;2;244;43;170m8[38;2;180;25;132m8[38;2;209;30;157mx[38;2;212;31;159mx[38;2;182;23;135m8[38;2;210;35;148m8[38;2;246;53;170m8[38;2;250;58;171m#[38;2;232;50;159m@[38;2;252;54;173m#[38;2;252;55;174m#[38;2;248;50;173m#[38;2;235;38;167m#[38;2;214;22;156m8[38;2;174;18;128m8[38;2;219;22;167mx[38;2;234;19;188mx[38;2;189;16;149m8[38;2;200;19;150m8[38;2;219;25;161m8[38;2;244;34;180m8[38;2;233;34;171m#[38;2;238;35;171m8[38;2;234;32;167m8[38;2;240;30;173m8[38;2;230;27;168m8[38;2;213;29;156m8[38;2;207;26;154m8[38;2;212;20;159m8[38;2;193;23;145m8[38;2;165;21;124m8[38;2;209;24;159mx[38;2;202;18;158mx[38;2;201;23;151mx[38;2;212;36;148mx[38;2;199;47;135m8[38;2;235;63;160m@[38;2;249;71;167m@[38;2;243;69;159m@[38;2;241;67;156m@[38;2;244;64;159m@[38;2;236;58;155m#[38;2;223;50;147m8[38;2;189;35;127m8[38;2;226;25;158mx[38;2;204;20;145m=[38;2;210;33;153m=[38;2;234;43;172m=[38;2;212;37;153mx[38;2;191;51;134m8[38;2;233;88;163m#[38;2;254;107;178m@[38;2;255;104;179m@[38;2;255;99;178m@[38;2;254;103;183m@[38;2;240;94;181m@[38;2;241;69;191m8[38;2;228;61;192m8[38;2;233;70;205m#[38;2;236;73;216m@[38;2;237;67;227m@[38;2;250;78;246m#[38;2;235;74;238m@[38;2;222;63;237m@[38;2;191;36;231m#[38;2;166;32;205m8[38;2;167;44;227m8[38;2;175;56;254m#[38;2;163;52;249m@[38;2;157;54;252m@[38;2;143;50;245m@[38;2;121;38;238m#[38;2;91;22;199m8[38;2;69;14;174m8[38;2;82;18;235mx[38;2;62;15;202m=[38;2;53;16;183m*[38;2;37;14;151m:[38;2;20;8;116m:[38;2;29;13;149m*[38;2;30;23;179m*[38;2;29;23;175m+[38;2;33;22;192m+[38;2;28;17;168m.  [38;2;16;9;86m.[38;2;18;14;136m:[38;2;26;21;168m+[38;2;30;25;210m+[38;2;28;21;205m+[38;2;33;18;183m=[38;2;38;26;198m+[38;2;32;25;180m+[38;2;33;22;193m*[38;2;45;24;151m*[38;2;123;38;217mx[38;2;113;42;179m8[38;2;154;83;217mx[38;2;12;12;12m.          [0m
[0;1m                    [38;2;227;126;166m+[38;2;226;101;153mx[38;2;194;65;121m8[38;2;245;80;152m@[38;2;253;85;158m@[38;2;255;88;162m@[38;2;255;89;165m@[38;2;244;74;153m@[38;2;244;72;152m@[38;2;240;68;150m@[38;2;236;56;148m#[38;2;218;51;143m8[38;2;189;45;124m8[38;2;238;53;156mx[38;2;205;34;139mx[38;2;199;35;130mx[38;2;212;50;135m8[38;2;239;66;153m#[38;2;238;70;155m@[38;2;242;69;156m@[38;2;245;69;155m@[38;2;241;65;151m@[38;2;249;61;158m#[38;2;231;51;148m#[38;2;226;47;145m8[38;2;190;34;124m8[38;2;215;31;148mx[38;2;232;37;167mx[38;2;214;32;149mx[38;2;172;26;121m8[38;2;213;34;153m8[38;2;244;45;171m8[38;2;238;45;163m8[38;2;240;44;163m8[38;2;233;41;158m#[38;2;240;41;163m8[38;2;220;39;148m8[38;2;219;40;146m8[38;2;235;44;157m8[38;2;231;46;154m8[38;2;225;47;148m8[38;2;220;44;144m8[38;2;214;37;143m8[38;2;194;36;129m8[38;2;171;37;113m8[38;2;231;46;151mx[38;2;171;26;110m8[38;2;231;53;148m8[38;2;230;63;146m#[38;2;245;71;156m#[38;2;236;64;152m@[38;2;217;44;141m8[38;2;176;32;117m8[38;2;231;37;161m=[38;2;182;23;142m+[38;2;202;20;157m*[38;2;195;21;150m+[38;2;200;25;155m=[38;2;223;29;177m=[38;2;196;22;153mx[38;2;168;37;125m8[38;2;213;68;161m8[38;2;241;88;193m#[38;2;247;86;200m#[38;2;242;84;198m@[38;2;249;84;212m@[38;2;240;75;220m@[38;2;253;74;243m8[38;2;208;52;205m8[38;2;170;33;176m8[38;2;160;29;180m8[38;2;172;35;195m8[38;2;198;49;235m8[38;2;192;54;244m#[38;2;176;52;247m#[38;2;161;46;236m@[38;2;156;49;242m@[38;2;149;52;246m@[38;2;137;50;244m@[38;2;134;51;247m@[38;2;128;50;245m@[38;2;124;48;252m#[38;2;110;38;239m8[38;2;85;27;205m8[38;2;63;20;176m8[38;2;80;26;224mx[38;2;70;24;225m=[38;2;51;19;195m+[38;2;33;11;142m*[38;2;38;12;157m.[38;2;25;8;90m.      [38;2;26;7;78m.[38;2;33;20;161m*[38;2;36;21;185m*[38;2;29;11;143m*[38;2;43;15;171m+[38;2;35;14;143m*[38;2;32;13;111m:[38;2;97;19;138m:[38;2;100;18;145mx[38;2;118;23;173m8[38;2;115;34;163m8[38;2;141;98;167m=[38;2;157;123;177mx[38;2;190;152;211m*         [0m
[0;1m                  [38;2;186;140;157m=[38;2;219;130;161m=[38;2;227;109;148mx[38;2;215;91;130m8[38;2;250;101;148m#[38;2;255;101;149m@[38;2;251;101;145m@[38;2;250;103;147m@[38;2;255;107;156m@[38;2;240;93;143m@[38;2;246;93;147m@[38;2;249;90;150m@[38;2;250;76;151m#[38;2;224;60;134m8[38;2;188;52;113m8[38;2;242;70;149mx[38;2;230;58;144mx[38;2;220;58;134mx[38;2;195;59;117m8[38;2;234;75;140m8[38;2;245;79;147m#[38;2;251;79;146m#[38;2;236;75;137m@[38;2;239;76;140m@[38;2;239;76;142m@[38;2;252;74;149m#[38;2;241;72;143m#[38;2;230;65;137m#[38;2;235;58;141m8[38;2;210;45;130m8[38;2;169;37;107m8[38;2;212;41;138mx[38;2;235;35;160mx[38;2;197;34;136m8[38;2;207;44;140m8[38;2;226;51;150m8[38;2;232;50;152m#[38;2;235;51;152m#[38;2;231;55;148m#[38;2;236;60;153m#[38;2;248;65;165m#[38;2;230;55;147m#[38;2;248;61;158m8[38;2;233;60;150m#[38;2;242;65;159m#[38;2;240;60;156m#[38;2;245;62;156m8[38;2;230;53;144m8[38;2;214;39;134m8[38;2;174;30;107m8[38;2;174;40;107m8[38;2;199;51;126m8[38;2;232;58;151m8[38;2;213;50;139m8[38;2;191;43;124m8[38;2;169;33;114m8[38;2;217;31;161mx[38;2;221;32;166m=[38;2;187;28;144m=[38;2;184;27;144m+[38;2;183;20;146m*[38;2;142;19;117m*[38;2;142;23;124m*[38;2;192;34;173m*[38;2;204;36;184m=[38;2;203;39;190mx[38;2;187;42;172m8[38;2;226;56;213m8[38;2;242;65;245m8[38;2;225;51;235m8[38;2;226;54;245m8[38;2;204;55;238m#[38;2;186;58;241m#[38;2;175;52;233m#[38;2;168;49;235m#[38;2;162;44;241m8[38;2;120;24;200m8[38;2;122;30;205m8[38;2;129;42;227m8[38;2;125;49;233m#[38;2;126;51;247m#[38;2;123;55;243m@[38;2;124;58;250m@[38;2;115;51;246m@[38;2;112;50;243m@[38;2;104;46;236m@[38;2;98;43;236m#[38;2;82;30;207m8[38;2;61;21;167m8[38;2;61;20;195mx[38;2;50;15;184m=[38;2;41;14;144m*[38;2;44;15;160m:[38;2;30;10;111m:[38;2;33;7;101m.[38;2;40;8;99m.[38;2;38;6;83m.[38;2;41;6;108m.[38;2;61;11;183m.[38;2;61;14;166m:[38;2;43;19;169m*[38;2;34;18;145m*[38;2;48;15;131m:[38;2;59;19;176m+[38;2;73;21;185m:[38;2;121;20;156m:[38;2;133;25;167mx[38;2;203;40;249m#[38;2;157;32;200m8[38;2;151;44;193mx[38;2;159;89;176m+[38;2;12;12;12m.          [0m
[0;1m                [38;2;12;12;12m.[38;2;225;150;164m=[38;2;233;128;151m=[38;2;214;88;118m+[38;2;212;95;120m8[38;2;244;115;139m#[38;2;247;119;140m@[38;2;255;118;142m@[38;2;254;113;137m@[38;2;251;109;134m@[38;2;251;108;137m@[38;2;249;101;135m#[38;2;242;99;132m@[38;2;250;104;139m@[38;2;239;94;136m@[38;2;249;93;143m8[38;2;225;80;127m8[38;2;199;65;111m8[38;2;226;61;131mx[38;2;205;54;115m=[38;2;203;66;113mx[38;2;193;70;109m8[38;2;245;88;141m8[38;2;251;98;142m#[38;2;242;95;134m@[38;2;249;97;136m@[38;2;255;101;140m@[38;2;247;90;134m@[38;2;241;90;133m@[38;2;248;91;139m#[38;2;231;77;128m#[38;2;231;68;132m8[38;2;197;55;113m8[38;2;240;61;142mx[38;2;213;46;135mx[38;2;199;36;125mx[38;2;212;49;135mx[38;2;185;48;120m8[38;2;227;59;147m8[38;2;248;60;156m8[38;2;244;62;151m8[38;2;229;61;140m#[38;2;240;65;148m#[38;2;247;70;151m8[38;2;244;71;147m8[38;2;230;68;139m#[38;2;245;74;150m#[38;2;252;74;154m#[38;2;247;74;150m#[38;2;244;72;149m#[38;2;241;66;147m#[38;2;223;56;134m8[38;2;181;48;109m8[38;2;227;58;140mx[38;2;227;49;146mx[38;2;167;38;108m8[38;2;192;48;122m8[38;2;212;53;136m8[38;2;221;52;148m8[38;2;217;50;148m8[38;2;219;53;152m8[38;2;212;48;148m8[38;2;183;28;128m8[38;2;204;33;148mx[38;2;199;35;153m=[38;2;187;33;151m+[38;2;168;24;137m*[38;2;147;18;126m*[38;2;156;18;148m*[38;2;190;22;193m*[38;2;206;24;213m+[38;2;179;20;194mx[38;2;153;23;176m8[38;2;171;33;211m8[38;2;168;41;229m8[38;2;157;41;227m8[38;2;167;52;245m8[38;2;157;54;241m#[38;2;144;51;244m#[38;2;144;53;246m#[38;2;135;52;237m#[38;2;130;54;241m8[38;2;112;46;226m8[38;2;121;54;245m8[38;2;113;51;235m#[38;2;110;45;248m8[38;2;104;41;234m#[38;2;103;42;233m#[38;2;98;43;228m#[38;2;102;43;238m8[38;2;78;28;196m8[38;2;82;23;232mx[38;2;61;14;186mx[38;2;62;15;170m+[38;2;53;15;150m*[38;2;44;12;130m*[38;2;50;10;142m*[38;2;59;11;138m*[38;2;81;14;177m:[38;2;55;9;141m*[38;2;54;9;160m+[38;2;72;16;184m*[38;2;70;18;155m:[38;2;61;14;119m:[38;2;57;10;122m*[38;2;70;12;128m*[38;2;139;18;177m*[38;2;174;23;203mx[38;2;191;29;222m8[38;2;213;43;245m8[38;2;182;42;209mx[38;2;132;58;148m+            [0m
[0;1m                [38;2;224;146;147m=[38;2;208;119;124mx[38;2;228;102;112m=[38;2;244;114;117mx[38;2;243;124;126m8[38;2;237;125;123m@[38;2;247;129;125m@[38;2;255;123;123m@[38;2;245;119;119m@[38;2;238;117;118m@[38;2;236;115;120m@[38;2;249;116;126m8[38;2;247;117;125m#[38;2;246;116;123m@[38;2;240;104;119m@[38;2;234;93;113m#[38;2;243;100;120m8[38;2;231;96;117m8[38;2;207;74;103m8[38;2;207;72;105mx[38;2;218;83;115m=[38;2;238;94;128m=[38;2;168;64;90m8[38;2;237;101;126m8[38;2;237;101;120m#[38;2;234;103;117m@[38;2;251;118;129m@[38;2;245;110;125m@[38;2;241;110;123m@[38;2;251;113;127m#[38;2;239;102;121m#[38;2;234;92;125m#[38;2;221;78;116m8[38;2;197;61;104m8[38;2;193;54;110m8[38;2;192;48;112m8[38;2;210;56;125mx[38;2;219;58;135m=[38;2;210;51;132mx[38;2;178;43;106m8[38;2;194;53;114m8[38;2;213;62;126m8[38;2;233;66;139m8[38;2;224;61;131m8[38;2;225;66;131m8[38;2;227;67;132m8[38;2;233;61;137m8[38;2;235;70;138m#[38;2;244;75;142m8[38;2;229;75;136m#[38;2;233;80;142m@[38;2;249;77;149m#[38;2;244;73;142m8[38;2;227;64;132m8[38;2;219;57;131m8[38;2;233;55;141mx[38;2;201;43;124mx[38;2;231;44;149m=[38;2;211;36;146mx[38;2;176;32;123m8[38;2;223;56;157m8[38;2;237;64;168m#[38;2;245;58;174m#[38;2;234;58;169m#[38;2;246;64;180m8[38;2;233;56;174m8[38;2;206;35;161m8[38;2;216;31;171mx[38;2;200;28;166m=[38;2;179;26;158m+[38;2;147;17;135m*[38;2;138;17;135m:[38;2;140;15;146m*[38;2;160;18;174m+[38;2;179;24;210m+[38;2;150;20;193mx[38;2;125;23;170m8[38;2;140;34;205m8[38;2;144;45;234m8[38;2;152;53;246m8[38;2;142;52;240m8[38;2;126;48;230m8[38;2;127;50;238m8[38;2;127;54;246m8[38;2;121;51;243m8[38;2;106;37;224m8[38;2;103;28;220m8[38;2;97;26;214m8[38;2;90;27;206m8[38;2;85;22;195m8[38;2;72;16;165m8[38;2;90;17;209mx[38;2;85;16;200mx[38;2;97;16;200mx[38;2;94;14;198m=[38;2;83;12;177m+[38;2;80;12;157m*[38;2;90;14;149m*[38;2;85;16;137m*[38;2;105;22;162m:[38;2;84;17;107m:[38;2;98;13;134m*[38;2;110;14;142m*[38;2;135;16;171m*[38;2;147;17;187m+[38;2;164;22;198m=[38;2;161;20;182m8[38;2;216;33;238m8[38;2;213;40;232m8[38;2;167;36;183m*[38;2;170;68;181m+[38;2;177;91;186m*            [0m
[0;1m               [38;2;233;160;144m=[38;2;209;123;109mx[38;2;220;116;103mx[38;2;184;96;82m8[38;2;248;137;107m#[38;2;251;141;110m@[38;2;251;142;110m@[38;2;247;141;109m@[38;2;255;147;117m@[38;2;241;133;106m@[38;2;243;129;104m#[38;2;250;129;109m8[38;2;200;95;85m8[38;2;228;110;95m8[38;2;245;126;105m#[38;2;246;132;112m@[38;2;250;130;115m#[38;2;246;123;109m#[38;2;241;114;105m#[38;2;242;105;107m8[38;2;181;75;81m8[38;2;220;95;100mx[38;2;217;99;101mx[38;2;237;103;113mx[38;2;183;77;83m8[38;2;223;101;95m8[38;2;242;123;105m#[38;2;254;139;116m@[38;2;248;124;105m@[38;2;246;126;108m@[38;2;245;126;109m@[38;2;241;120;108m@[38;2;251;118;114m#[38;2;230;100;104m#[38;2;234;92;107m8[38;2;228;80;107m8[38;2;219;72;109m8[38;2;194;67;98m8[38;2;184;60;96m8[38;2;187;52;103m8[38;2;226;62;126mx[38;2;229;70;127m=[38;2;210;64;123mx[38;2;183;51;112m8[38;2;197;55;114m8[38;2;193;59;112m8[38;2;196;61;113m8[38;2;213;60;122m8[38;2;224;61;127m8[38;2;215;62;119m8[38;2;225;68;125m8[38;2;232;71;132m#[38;2;239;69;134m#[38;2;243;75;137m#[38;2;248;81;142m#[38;2;250;82;147m#[38;2;236;68;139m8[38;2;204;55;118m8[38;2;170;40;100m8[38;2;195;31;127mx[38;2;207;26;145m=[38;2;217;29;157m=[38;2;205;29;151mx[38;2;165;24;124m8[38;2;202;38;150m8[38;2;237;55;177m8[38;2;241;63;186m#[38;2;246;65;200m#[38;2;246;55;198m8[38;2;235;50;189m8[38;2;218;41;180m8[38;2;182;23;167m8[38;2;219;25;204mx[38;2;198;23;189mx[38;2;200;24;195m=[38;2;183;23;181m*[38;2;146;19;146m*[38;2;133;18;144m*[38;2;157;24;190m*[38;2;157;27;203m=[38;2;163;34;223mx[38;2;115;27;171m8[38;2;110;29;183m8[38;2;122;35;211m8[38;2;124;33;223m8[38;2;123;33;231m8[38;2;119;35;229m8[38;2;99;19;194m8[38;2;92;14;183m8[38;2;92;15;182m8[38;2;127;17;241mx[38;2;124;19;226mx[38;2;119;18;218mx[38;2;114;16;213mx[38;2;121;16;203mx[38;2;136;18;214m=[38;2;131;16;213m=[38;2;112;12;200mx[38;2;119;12;198mx[38;2;137;15;210m+[38;2;131;15;185m+[38;2;143;15;192m=[38;2;200;21;234mx[38;2;208;22;235mx[38;2;165;18;184m8[38;2;209;26;229m8[38;2;231;34;249m#[38;2;225;35;241m#[38;2;187;35;202m8[38;2;171;61;186m=[38;2;184;124;183m*              [0m
[0;1m              [38;2;225;177;161m=[38;2;229;147;115m=[38;2;252;150;108mx[38;2;215;129;88m8[38;2;253;153;99m8[38;2;250;150;92m@[38;2;255;156;91m@[38;2;250;155;91m@[38;2;243;154;92m@[38;2;252;157;94m@[38;2;243;144;89m#[38;2;236;134;86m8[38;2;217;119;81m8[38;2;189;98;68m8[38;2;234;127;86m8[38;2;251;142;95m#[38;2;244;140;95m@[38;2;246;133;92m#[38;2;251;140;97m#[38;2;237;134;95m@[38;2;241;130;98m#[38;2;210;105;83m8[38;2;245;123;98mx[38;2;231;115;94m=[38;2;227;103;95m+[38;2;215;104;91m=[38;2;178;91;70m8[38;2;233;125;90m8[38;2;239;132;92m@[38;2;247;133;94m@[38;2;244;134;94m@[38;2;240;135;94m@[38;2;240;134;96m@[38;2;245;130;98m@[38;2;251;127;98m#[38;2;242;117;95m#[38;2;237;110;99m#[38;2;237;97;97m8[38;2;210;88;91m8[38;2;202;81;91m8[38;2;208;74;95m8[38;2;187;65;92m8[38;2;213;77;107mx[38;2;228;77;121m=[38;2;199;55;114mx[38;2;196;55;110mx[38;2;238;72;134m=[38;2;210;64;120mx[38;2;232;63;136mx[38;2;169;45;95m8[38;2;171;50;94m8[38;2;185;55;101m8[38;2;211;59;116m8[38;2;230;67;127m8[38;2;245;79;134m8[38;2;240;79;133m#[38;2;251;78;143m#[38;2;238;67;133m#[38;2;248;75;141m8[38;2;236;72;138m8[38;2;216;56;131m8[38;2;179;42;111m8[38;2;230;47;149mx[38;2;208;34;143mx[38;2;220;23;163m=[38;2;233;23;178m+[38;2;235;31;181m+[38;2;199;31;154mx[38;2;181;27;141m8[38;2;211;37;168m8[38;2;245;53;197m8[38;2;246;58;203m#[38;2;247;55;211m#[38;2;253;50;224m8[38;2;241;45;215m8[38;2;230;40;208m8[38;2;215;30;204m8[38;2;231;26;225mx[38;2;209;24;211m=[38;2;180;23;187m+[38;2;149;14;152m*[38;2;142;13;146m:[38;2;133;15;163m:[38;2;110;13;151m*[38;2;114;10;169m*[38;2;118;16;192mx[38;2;103;14;174m8[38;2;102;12;180m8[38;2;104;13;173m8[38;2;110;13;175m8[38;2;115;13;176m8[38;2;161;17;227mx[38;2;148;14;206mx[38;2;140;12;192mx[38;2;169;15;230m=[38;2;152;16;208mx[38;2;158;18;198mx[38;2;163;18;204mx[38;2;170;16;226mx[38;2;180;15;231mx[38;2;189;17;228m=[38;2;177;17;204mx[38;2;168;17;191m8[38;2;228;31;237m8[38;2;235;34;244m8[38;2;242;39;251m8[38;2;230;40;237m#[38;2;230;36;241m8[38;2;141;34;148m8[38;2;172;94;177m+[38;2;12;12;12m.               [0m
[0;1m            [38;2;12;12;12m.[38;2;229;172;137m=[38;2;232;157;110m=[38;2;251;166;92m=[38;2;245;158;86mx[38;2;219;142;76m8[38;2;249;165;86m#[38;2;255;173;90m@[38;2;255;172;88m@[38;2;249;167;82m@[38;2;240;159;77m@[38;2;237;154;81m@[38;2;240;150;79m8[38;2;221;132;70m8[38;2;229;134;74m8[38;2;227;135;80m8[38;2;247;152;87m8[38;2;244;153;84m#[38;2;245;153;81m#[38;2;241;146;81m8[38;2;241;147;82m8[38;2;232;141;79m#[38;2;239;141;81m#[38;2;231;130;79m8[38;2;204;112;70m8[38;2;170;91;59m8[38;2;222;115;82m=[38;2;239;120;91m+[38;2;240;131;89m+[38;2;183;107;68m8[38;2;238;142;89m#[38;2;237;139;86m@[38;2;237;143;88m@[38;2;254;154;91m#[38;2;237;140;80m@[38;2;241;135;84m@[38;2;238;132;81m@[38;2;241;133;84m@[38;2;247;138;93m@[38;2;240;124;89m@[38;2;234;117;87m8[38;2;204;94;76m8[38;2;208;85;77m8[38;2;199;78;81m8[38;2;178;74;75m8[38;2;169;70;76m8[38;2;172;64;83m8[38;2;211;72;105mx[38;2;207;73;107mx[38;2;243;82;128m=[38;2;229;63;121m=[38;2;198;55;108mx[38;2;223;68;124m=[38;2;226;68;129m=[38;2;208;55;119mx[38;2;238;63;130mx[38;2;184;55;99m8[38;2;215;70;120m8[38;2;232;77;137m#[38;2;239;77;140m#[38;2;233;74;134m#[38;2;246;75;139m8[38;2;240;68;138m8[38;2;225;64;134m8[38;2;217;59;129m8[38;2;205;49;124m8[38;2;179;31;117m8[38;2;209;29;144mx[38;2;202;32;144mx[38;2;210;33;156mx[38;2;216;21;167mx[38;2;216;21;169m=[38;2;200;28;156mx[38;2;175;28;139m8[38;2;222;37;185m8[38;2;250;53;223m8[38;2;249;57;225m#[38;2;236;52;217m@[38;2;244;47;233m#[38;2;246;39;236m8[38;2;236;41;232m8[38;2;213;36;213m8[38;2;237;18;241mx[38;2;202;16;207mx[38;2;193;17;203m=[38;2;162;15;177m+[38;2;126;13;132m*[38;2;110;13;124m*[38;2;107;13;133m*[38;2;109;12;144m*[38;2;100;14;124m*[38;2;109;13;132m*[38;2;124;13;148m*[38;2;126;14;136m*[38;2;131;14;137m*[38;2;144;14;153m*[38;2;160;15;175m*[38;2;149;14;160m*[38;2;123;13;128m*[38;2;174;20;180m:[38;2;151;15;159m*[38;2;218;18;225m=[38;2;201;19;202mx[38;2;184;22;185m8[38;2;234;32;238m#[38;2;237;43;238m@[38;2;219;33;224m8[38;2;159;24;162m8[38;2;212;58;203m=[38;2;193;83;193m=[38;2;12;12;12m.                 [0m
[0;1m            [38;2;12;12;12m.[38;2;225;180;135m=[38;2;245;171;97m=[38;2;239;166;77mx[38;2;222;158;78m8[38;2;236;170;80m#[38;2;254;183;82m#[38;2;250;181;84m@[38;2;245;181;86m@[38;2;247;181;84m#[38;2;247;176;79m8[38;2;231;163;79m8[38;2;190;132;62m8[38;2;202;142;66m8[38;2;250;179;86m8[38;2;245;173;88m8[38;2;248;178;89m8[38;2;231;168;79m#[38;2;248;176;76m8[38;2;213;142;66m8[38;2;242;162;77m8[38;2;249;170;80m#[38;2;240;163;79m@[38;2;244;156;75m#[38;2;239;151;73m#[38;2;248;156;78m8[38;2;218;133;73m8[38;2;238;135;82mx[38;2;233;140;79m=[38;2;210;132;73mx[38;2;185;116;67m8[38;2;249;162;87m8[38;2;241;158;80m#[38;2;252;168;84m#[38;2;244;165;84m@[38;2;247;161;84m@[38;2;241;153;78m@[38;2;244;155;78m@[38;2;255;161;83m@[38;2;252;151;84m@[38;2;242;144;84m@[38;2;241;141;88m@[38;2;247;140;92m@[38;2;245;127;91m#[38;2;238;119;87m8[38;2;229;107;86m8[38;2;237;100;94m8[38;2;220;88;89m8[38;2;204;82;86m8[38;2;191;76;86m8[38;2;183;67;89m8[38;2;175;59;87m8[38;2;229;76;115mx[38;2;217;66;114mx[38;2;217;56;122mx[38;2;208;56;117mx[38;2;235;70;131m=[38;2;240;68;138m=[38;2;221;52;131mx[38;2;235;60;135mx[38;2;191;55;111m8[38;2;220;67;132m8[38;2;242;70;152m8[38;2;238;60;145m8[38;2;236;64;146m#[38;2;247;67;155m#[38;2;234;52;147m#[38;2;228;46;146m8[38;2;227;49;148m8[38;2;232;47;156m8[38;2;228;32;162m8[38;2;199;30;138m8[38;2;188;31;135m8[38;2;180;29;135m8[38;2;235;27;184mx[38;2;200;19;160mx[38;2;219;24;182mx[38;2;197;30;174m8[38;2;241;45;226m#[38;2;250;46;235m#[38;2;242;48;229m@[38;2;249;51;238m@[38;2;248;51;244m@[38;2;249;55;245m@[38;2;245;50;244m@[38;2;234;41;237m@[38;2;227;34;232m#[38;2;239;37;243m8[38;2;223;31;228m8[38;2;192;16;202m8[38;2;186;16;191m8[38;2;183;15;185m8[38;2;183;15;183m8[38;2;188;20;186m8[38;2;166;16;164m8[38;2;227;20;224mx[38;2;169;15;169m8[38;2;204;20;203m8[38;2;218;29;213m8[38;2;251;42;243m8[38;2;253;46;244m@[38;2;253;44;244m@[38;2;241;40;231m@[38;2;245;38;235m#[38;2;238;34;230m8[38;2;174;31;162mx[38;2;197;92;183m*[38;2;189;126;182m*[38;2;199;112;196m*                   [0m
[0;1m           [38;2;12;12;12m.[38;2;208;164;104m=[38;2;211;155;86mx[38;2;177;122;58m8[38;2;240;176;77m8[38;2;234;170;77m#[38;2;236;173;78m#[38;2;236;174;78m#[38;2;233;169;74m#[38;2;234;172;74m8[38;2;199;146;66m8[38;2;219;159;78mx[38;2;235;170;80mx[38;2;194;143;67m8[38;2;225;167;78m8[38;2;249;183;86m8[38;2;214;155;76m8[38;2;188;135;61m8[38;2;187;136;56m8[38;2;220;163;70m8[38;2;226;165;78m8[38;2;246;181;86m8[38;2;242;178;81m#[38;2;244;175;75m#[38;2;244;164;73m8[38;2;230;156;68m#[38;2;234;163;69m#[38;2;241;165;73m8[38;2;205;132;65m8[38;2;250;160;76mx[38;2;216;138;64mx[38;2;238;151;75m=[38;2;222;145;72mx[38;2;204;139;67m8[38;2;238;162;75m8[38;2;242;162;73m#[38;2;254;171;82m#[38;2;243;164;78m#[38;2;248;169;81m#[38;2;248;172;85m@[38;2;246;163;83m@[38;2;236;152;75m@[38;2;254;159;79m#[38;2;242;148;76m@[38;2;253;141;81m#[38;2;249;136;78m#[38;2;249;134;82m#[38;2;250;130;89m#[38;2;238;120;88m#[38;2;250;120;90m8[38;2;242;109;89m8[38;2;230;97;95m8[38;2;224;92;95m8[38;2;200;80;85m8[38;2;186;70;84m8[38;2;184;63;90m8[38;2;171;53;85m8[38;2;219;68;110mx[38;2;209;60;110mx[38;2;211;53;120mx[38;2;216;46;127m=[38;2;203;45;123m=[38;2;204;45;127m=[38;2;223;44;142m=[38;2;208;45;131mx[38;2;186;47;115m8[38;2;222;59;137m8[38;2;235;60;148m8[38;2;230;57;148m8[38;2;246;66;161m8[38;2;238;64;156m#[38;2;232;51;151m#[38;2;236;49;152m8[38;2;240;54;155m8[38;2;239;55;159m8[38;2;222;43;154m8[38;2;208;35;148m8[38;2;213;37;157m8[38;2;215;35;164m8[38;2;201;22;157m8[38;2;190;25;152m8[38;2;200;30;162m8[38;2;218;35;181m8[38;2;237;42;206m8[38;2;239;48;210m#[38;2;248;48;222m#[38;2;250;45;229m#[38;2;254;53;242m#[38;2;236;49;226m@[38;2;251;48;242m#[38;2;244;38;237m#[38;2;242;30;233m#[38;2;237;29;227m#[38;2;234;31;223m#[38;2;237;32;230m#[38;2;237;34;227m#[38;2;240;40;225m#[38;2;249;48;229m#[38;2;246;51;226m@[38;2;245;57;215m@[38;2;250;64;212m@[38;2;255;71;213m@[38;2;254;67;214m@[38;2;245;65;202m#[38;2;200;51;160m8[38;2;192;45;146m=[38;2;179;94;156mx                      [0m
[0;1m          [38;2;234;184;125m=[38;2;218;163;106m+[38;2;217;157;78m=[38;2;173;124;57m8[38;2;231;167;79m8[38;2;237;176;83m#[38;2;252;191;92m8[38;2;235;177;80m8[38;2;216;159;66m8[38;2;207;153;70m8[38;2;185;139;63m8[38;2;219;164;78mx[38;2;242;180;93m=[38;2;207;160;76m8[38;2;207;157;75m8[38;2;204;153;72m8[38;2;203;152;69m8[38;2;225;164;82mx[38;2;214;164;80mx[38;2;184;145;68m8[38;2;226;173;81m8[38;2;217;164;78m8[38;2;233;177;82m8[38;2;251;194;90m8[38;2;239;187;89m#[38;2;243;183;90m8[38;2;249;188;90m8[38;2;235;179;83m#[38;2;251;189;87m8[38;2;239;169;78m8[38;2;213;147;66m8[38;2;189;131;59m8[38;2;250;175;85mx[38;2;213;139;67mx[38;2;215;148;70mx[38;2;180;125;56m8[38;2;222;151;65m8[38;2;232;158;70m#[38;2;231;162;70m#[38;2;239;172;77m#[38;2;238;174;81m@[38;2;254;177;85m#[38;2;240;167;77m#[38;2;244;170;79m#[38;2;245;167;81m@[38;2;243;148;72m@[38;2;253;155;77m#[38;2;252;151;79m#[38;2;238;134;76m@[38;2;246;127;77m#[38;2;243;124;79m#[38;2;243;124;86m#[38;2;247;125;97m#[38;2;251;117;99m#[38;2;242;110;95m#[38;2;235;103;96m#[38;2;232;96;101m#[38;2;238;99;110m8[38;2;209;85;95m8[38;2;198;75;93m8[38;2;204;69;102m8[38;2;168;52;89m8[38;2;223;68;120mx[38;2;207;59;115mx[38;2;192;43;114mx[38;2;221;49;134m=[38;2;225;50;140m=[38;2;229;49;146m=[38;2;227;43;148m=[38;2;203;34;133mx[38;2;233;52;149mx[38;2;186;46;119m8[38;2;211;47;137m8[38;2;228;49;145m8[38;2;249;60;159m8[38;2;242;61;156m#[38;2;238;55;157m#[38;2;236;48;158m#[38;2;237;52;163m#[38;2;236;54;168m#[38;2;230;45;172m#[38;2;250;49;190m8[38;2;244;53;186m#[38;2;250;59;195m#[38;2;239;56;196m#[38;2;244;62;203m#[38;2;244;59;203m#[38;2;238;50;200m#[38;2;249;52;215m8[38;2;243;48;210m8[38;2;238;42;208m8[38;2;229;31;207m8[38;2;212;24;182m8[38;2;215;26;175m8[38;2;229;33;182m8[38;2;238;38;193m8[38;2;248;50;203m8[38;2;246;63;197m#[38;2;249;75;194m@[38;2;255;79;197m@[38;2;255;81;188m@[38;2;255;87;183m@[38;2;255;94;184m@[38;2;255;93;183m@[38;2;254;92;181m@[38;2;239;83;165m#[38;2;197;62;127m8[38;2;205;79;140mx[38;2;180;111;144m=                     [0m
[0;1m       [38;2;204;165;134m+[38;2;200;166;138m=[38;2;218;173;125m=[38;2;243;175;89m=[38;2;228;160;72mx[38;2;201;146;65m8[38;2;228;169;77m8[38;2;235;175;81m8[38;2;235;175;79m8[38;2;220;167;74m8[38;2;197;150;69m8[38;2;246;187;90mx[38;2;243;184;91m=[38;2;242;192;90m=[38;2;222;175;88mx[38;2;251;192;102mx[38;2;203;154;73m8[38;2;186;144;69m8[38;2;244;192;93mx[38;2;225;177;88mx[38;2;228;175;92m=[38;2;240;193;95mx[38;2;201;166;80m8[38;2;227;185;92m8[38;2;215;167;82m8[38;2;230;180;87m8[38;2;247;196;93m8[38;2;250;200;94m8[38;2;225;172;84m8[38;2;240;187;89m8[38;2;237;189;90m#[38;2;239;192;96m#[38;2;237;184;91m#[38;2;248;189;92m8[38;2;241;182;86m8[38;2;234;175;81m8[38;2;184;128;59m8[38;2;244;172;74m=[38;2;222;159;70m=[38;2;229;163;75mx[38;2;215;152;62m8[38;2;219;159;67m8[38;2;237;177;77m8[38;2;245;185;82m#[38;2;249;183;82m#[38;2;234;171;77m#[38;2;239;173;77m#[38;2;242;173;76m@[38;2;255;171;81m#[38;2;239;157;72m#[38;2;231;145;66m#[38;2;251;146;69m8[38;2;227;126;69m8[38;2;224;124;68m8[38;2;238;131;75m8[38;2;246;134;86m#[38;2;251;125;87m#[38;2;250;124;90m#[38;2;253;126;98m#[38;2;240;120;101m@[38;2;252;123;109m#[38;2;239;110;99m#[38;2;233;102;99m#[38;2;232;98;108m#[38;2;227;89;108m8[38;2;213;82;101m8[38;2;204;73;98m8[38;2;198;59;102m8[38;2;181;54;99m8[38;2;176;51;96m8[38;2;174;46;97m8[38;2;168;37;103m8[38;2;217;40;138mx[38;2;204;39;132mx[38;2;197;35;133mx[38;2;195;22;142mx[38;2;225;25;167m=[38;2;200;27;147mx[38;2;213;32;160mx[38;2;217;31;173mx[38;2;222;29;178mx[38;2;227;34;178mx[38;2;239;37;191mx[38;2;177;22;151m8[38;2;226;24;194mx[38;2;234;34;195mx[38;2;167;25;138m8[38;2;160;13;135m8[38;2;164;18;135m8[38;2;230;29;192mx[38;2;214;29;184mx[38;2;196;21;160mx[38;2;232;35;184mx[38;2;187;33;146m8[38;2;207;38;160m8[38;2;227;52;169m8[38;2;246;67;177m8[38;2;244;74;170m#[38;2;246;75;169m@[38;2;244;77;170m@[38;2;244;80;167m@[38;2;247;85;163m@[38;2;255;91;165m@[38;2;254;101;160m@[38;2;255;111;160m@[38;2;255;116;161m@[38;2;255;114;156m@[38;2;252;115;152m@[38;2;236;106;140m@[38;2;245;102;142m8[38;2;245;101;142mx[38;2;128;69;85mx                     [0m
[0;1m       [38;2;12;12;12m.[38;2;223;191;161mx[38;2;226;185;147mx[38;2;237;159;77m+[38;2;244;166;70mx[38;2;207;151;65m8[38;2;220;165;72m8[38;2;208;158;71m8[38;2;187;142;68m8[38;2;227;177;83mx[38;2;238;187;89m=[38;2;225;174;87m=[38;2;241;189;91m=[38;2;239;194;92m=[38;2;233;187;93m=[38;2;233;181;94m=[38;2;218;170;86mx[38;2;234;186;86m=[38;2;246;196;89m+[38;2;205;158;78m=[38;2;219;168;86m+[38;2;250;202;100m+[38;2;233;192;94mx[38;2;198;159;79m8[38;2;192;153;81m8[38;2;213;173;93m8[38;2;236;195;105m8[38;2;246;205;113m8[38;2;231;184;101m8[38;2;250;201;104m8[38;2;246;199;98m#[38;2;242;194;95m#[38;2;238;188;95m#[38;2;239;189;95m#[38;2;243;194;99m#[38;2;245;198;103m#[38;2;245;187;95m8[38;2;210;157;72m8[38;2;246;181;78mx[38;2;215;154;69mx[38;2;228;166;78mx[38;2;177;132;59m8[38;2;216;164;74m8[38;2;236;182;85m#[38;2;251;190;89m#[38;2;246;186;86m#[38;2;251;191;87m#[38;2;247;188;83m@[38;2;242;169;73m@[38;2;251;174;74m#[38;2;248;170;74m#[38;2;250;167;77m#[38;2;248;154;78m8[38;2;242;144;72m8[38;2;248;142;73m8[38;2;246;138;78m#[38;2;239;129;78m@[38;2;253;136;86m#[38;2;239;131;87m@[38;2;252;139;99m@[38;2;243;119;89m@[38;2;241;115;87m@[38;2;242;116;92m@[38;2;244;118;102m@[38;2;248;119;112m#[38;2;233;107;102m#[38;2;244;106;107m8[38;2;246;103;117m8[38;2;236;93;115m8[38;2;239;93;117m8[38;2;239;88;120m8[38;2;226;72;117m8[38;2;189;56;101m8[38;2;180;56;100m8[38;2;183;54;109m8[38;2;187;43;119m8[38;2;240;53;153mx[38;2;228;46;150mx[38;2;217;40;153mx[38;2;202;33;156mx[38;2;200;28;154mx[38;2;208;30;159mx[38;2;216;31;171mx[38;2;220;27;185mx[38;2;218;27;182mx[38;2;221;34;179mx[38;2;230;38;180mx[38;2;171;24;130m8[38;2;176;33;132m8[38;2;178;35;135m8[38;2;180;34;137m8[38;2;189;39;132m8[38;2;216;56;146m8[38;2;243;71;161m8[38;2;242;76;160m#[38;2;253;82;164m#[38;2;242;84;151m@[38;2;247;92;148m@[38;2;253;92;150m@[38;2;253;97;150m@[38;2;255;106;150m@[38;2;255;116;147m@[38;2;255;122;144m@[38;2;255;124;135m@[38;2;255;128;131m@[38;2;255;132;132m@[38;2;255;128;126m@[38;2;255;131;125m@[38;2;255;132;126m@[38;2;248;128;125m@[38;2;206;98;99m8[38;2;217;109;113mx[38;2;211;128;134m=[38;2;214;154;160m+                   [0m
[0;1m      [38;2;216;180;153m*[38;2;181;144;112m=[38;2;190;148;105m=[38;2;200;149;89m=[38;2;226;159;72m=[38;2;191;137;63m8[38;2;184;134;58m8[38;2;233;171;74mx[38;2;242;181;84m=[38;2;254;198;92m=[38;2;232;186;81m=[38;2;246;196;91m+[38;2;242;189;96m+[38;2;245;194;92m=[38;2;240;195;90m=[38;2;219;178;84m=[38;2;238;188;93m+[38;2;235;186;92m=[38;2;249;201;97m+[38;2;237;193;95m+[38;2;216;172;92m=[38;2;225;178;97m=[38;2;252;210;109m=[38;2;226;192;99mx[38;2;230;186;101mx[38;2;235;187;102m=[38;2;208;173;94mx[38;2;174;146;76m8[38;2;200;162;80m8[38;2;196;156;88m8[38;2;215;175;96m8[38;2;230;191;99m8[38;2;232;193;97m8[38;2;238;191;99m8[38;2;240;191;97m8[38;2;248;200;101m8[38;2;242;196;103m#[38;2;234;183;98m#[38;2;238;184;91m8[38;2;224;172;80m8[38;2;209;157;74m8[38;2;248;184;93mx[38;2;228;171;79m=[38;2;249;186;86m=[38;2;198;146;72m8[38;2;233;175;81m8[38;2;229;174;79m8[38;2;242;188;87m8[38;2;252;199;94m#[38;2;250;182;87m#[38;2;243;176;79m#[38;2;244;176;78m#[38;2;251;179;82m#[38;2;234;151;74m#[38;2;250;156;75m8[38;2;246;152;74m8[38;2;242;146;79m8[38;2;250;144;86m8[38;2;239;138;84m8[38;2;250;144;89m8[38;2;239;136;88m@[38;2;244;128;88m@[38;2;244;128;91m@[38;2;246;129;96m@[38;2;248;128;99m@[38;2;244;114;95m#[38;2;238;112;94m#[38;2;237;112;98m#[38;2;240;109;107m#[38;2;231;95;99m#[38;2;238;100;105m#[38;2;243;106;114m#[38;2;236;101;118m#[38;2;233;91;117m8[38;2;232;92;120m8[38;2;233;91;125m8[38;2;222;76;125m8[38;2;202;62;110m8[38;2;204;63;113m8[38;2;207;63;119m8[38;2;195;53;121m8[38;2;179;43;113m8[38;2;175;45;112m8[38;2;179;46;117m8[38;2;187;40;128m8[38;2;181;39;121m8[38;2;182;44;118m8[38;2;191;49;120m8[38;2;206;51;129m8[38;2;213;64;132m8[38;2;215;72;133m8[38;2;216;76;131m8[38;2;226;80;131m8[38;2;251;96;144m8[38;2;250;101;143m#[38;2;241;99;138m@[38;2;246;102;139m@[38;2;247;107;136m@[38;2;247;112;131m@[38;2;252;111;130m@[38;2;252;118;130m@[38;2;250;124;127m@[38;2;248;129;122m@[38;2;254;131;118m@[38;2;249;128;105m@[38;2;252;135;103m@[38;2;255;145;109m@[38;2;255;148;112m@[38;2;255;147;105m@[38;2;255;149;104m@[38;2;255;152;109m@[38;2;254;150;110m@[38;2;208;120;88m8[38;2;240;136;106m=[38;2;231;142;127m+[38;2;209;157;147m+                  [0m
[0;1m     [38;2;184;155;138m=[38;2;188;152;131m=[38;2;220;140;73m*[38;2;220;155;59m+[38;2;248;183;74m+[38;2;215;158;73m=[38;2;250;186;83m+[38;2;235;185;82m+[38;2;226;180;82m+[38;2;228;176;85m+[38;2;245;192;90m+[38;2;249;203;94m+[38;2;238;193;91m+[38;2;224;176;84m+[38;2;227;179;81m+[38;2;240;196;88m+[38;2;221;179;82m+[38;2;236;185;89m*[38;2;238;187;93m+[38;2;234;192;95m+[38;2;236;195;102m+[38;2;213;170;97m=[38;2;240;188;110m+[38;2;217;178;96m=[38;2;227;191;102m=[38;2;215;178;108m=[38;2;247;202;120m=[38;2;224;191;110mx[38;2;239;206;115mx[38;2;242;198;106mx[38;2;225;180;101m=[38;2;235;193;105m=[38;2;242;202;109mx[38;2;200;165;92m8[38;2;208;166;94m8[38;2;217;174;94m8[38;2;231;188;101m8[38;2;248;203;113m8[38;2;249;197;110m8[38;2;241;191;103m8[38;2;232;185;98m8[38;2;227;179;95m8[38;2;226;173;92m8[38;2;195;148;72m8[38;2;232;174;81mx[38;2;237;177;87m=[38;2;221;170;87mx[38;2;224;172;84mx[38;2;183;142;69m8[38;2;224;174;88m8[38;2;242;186;102m8[38;2;245;187;94m8[38;2;237;181;88m#[38;2;253;195;100m#[38;2;239;170;91m#[38;2;235;161;84m#[38;2;251;165;85m8[38;2;246;152;81m8[38;2;246;146;88m8[38;2;229;134;80m8[38;2;236;138;86m8[38;2;246;143;96m#[38;2;253;135;94m#[38;2;248;133;94m#[38;2;254;138;102m#[38;2;250;135;107m@[38;2;246;125;104m@[38;2;240;122;103m@[38;2;252;127;109m#[38;2;246;118;109m#[38;2;240;111;105m#[38;2;250;116;110m#[38;2;240;110;108m@[38;2;236;104;112m@[38;2;246;108;122m#[38;2;246;110;123m#[38;2;244;107;124m#[38;2;233;91;123m#[38;2;239;91;124m8[38;2;247;93;128m8[38;2;234;86;123m#[38;2;247;88;135m8[38;2;239;83;133m8[38;2;235;81;133m8[38;2;226;72;130m8[38;2;210;56;122m8[38;2;210;66;122m8[38;2;228;79;128m8[38;2;241;87;132m8[38;2;240;85;134m8[38;2;239;91;134m8[38;2;231;93;129m8[38;2;229;97;127m8[38;2;238;106;129m#[38;2;237;109;125m@[38;2;247;116;130m@[38;2;250;121;134m@[38;2;252;120;132m@[38;2;251;123;126m@[38;2;247;126;117m@[38;2;246;125;111m@[38;2;238;127;109m@[38;2;251;137;110m#[38;2;252;139;103m#[38;2;247;139;100m@[38;2;239;137;94m@[38;2;239;139;90m@[38;2;250;147;91m@[38;2;247;146;92m@[38;2;243;148;89m@[38;2;249;154;89m@[38;2;255;158;88m@[38;2;255;162;91m@[38;2;250;160;94m#[38;2;207;129;78m8[38;2;225;131;83m=[38;2;213;146;112m+                  [0m
[0;1m   [38;2;180;153;137m=[38;2;181;149;130mx[38;2;205;157;129m=[38;2;216;134;93m*[38;2;158;87;46m*[38;2;168;112;45m*[38;2;182;132;51m*[38;2;188;136;53m*[38;2;209;154;57m*[38;2;215;166;59m*[38;2;215;167;61m*[38;2;209;157;61m*[38;2;199;148;54m*[38;2;210;166;61m*[38;2;201;158;57m*[38;2;180;136;47m*[38;2;178;139;52m*[38;2;186;146;54m*[38;2;165;125;46m*[38;2;219;157;59m:[38;2;219;160;65m*[38;2;217;171;71m*[38;2;218;175;74m*[38;2;230;178;77m*[38;2;216;166;74m*[38;2;191;149;65m*[38;2;204;163;74m*[38;2;217;173;89m+[38;2;221;175;96m+[38;2;228;190;100m+[38;2;230;196;99m+[38;2;222;179;94m+[38;2;222;180;96m+[38;2;245;204;106m+[38;2;220;184;96m=[38;2;248;198;113m+[38;2;245;192;113m=[38;2;228;185;102mx[38;2;183;149;79m8[38;2;211;167;88m8[38;2;226;178;102m8[38;2;228;181;102m8[38;2;229;180;99m8[38;2;231;180;99m8[38;2;237;186;109m8[38;2;213;165;88m8[38;2;187;142;70m8[38;2;234;177;86mx[38;2;238;179;87m=[38;2;238;184;87m+[38;2;248;192;95m+[38;2;215;164;87mx[38;2;174;130;72m8[38;2;186;140;74m8[38;2;210;160;82m8[38;2;243;183;95m8[38;2;238;168;89m8[38;2;235;163;86m8[38;2;232;156;84m8[38;2;226;143;83m8[38;2;202;119;74m8[38;2;189;113;70m8[38;2;204;121;78m8[38;2;242;138;95m8[38;2;243;134;98m#[38;2;240;134;97m#[38;2;240;133;98m#[38;2;242;131;101m#[38;2;251;128;104m8[38;2;251;132;108m8[38;2;238;126;106m#[38;2;251;126;113m#[38;2;244;114;104m#[38;2;249;119;108m#[38;2;252;122;112m#[38;2;244;111;110m#[38;2;232;105;108m#[38;2;242;113;114m#[38;2;248;114;119m#[38;2;235;101;115m#[38;2;242;98;116m8[38;2;237;101;116m#[38;2;247;109;124m#[38;2;236;100;119m#[38;2;246;96;122m8[38;2;252;105;129m8[38;2;237;103;123m#[38;2;249;103;129m8[38;2;235;94;121m8[38;2;238;98;120m8[38;2;240;102;119m8[38;2;233;101;117m8[38;2;241;111;123m8[38;2;246;116;124m8[38;2;252;119;125m8[38;2;245;116;120m#[38;2;249;122;119m#[38;2;253;130;122m#[38;2;237;129;120m@[38;2;238;124;113m@[38;2;254;137;116m#[38;2;252;143;112m#[38;2;252;141;106m#[38;2;247;140;104m#[38;2;246;141;98m#[38;2;250;145;90m#[38;2;240;141;87m@[38;2;242;146;87m#[38;2;234;143;81m#[38;2;238;145;79m#[38;2;236;146;80m#[38;2;238;153;80m#[38;2;253;167;84m#[38;2;255;171;83m@[38;2;255;167;78m@[38;2;239;160;79m@[38;2;236;158;79m8[38;2;174;111;52m8[38;2;235;160;81m*[38;2;238;188;106m*[38;2;226;188;118m+[38;2;217;182;123m+               [0m
[0;1m  [38;2;193;163;145m=[38;2;140;120;112mx[38;2;152;127;117mx[38;2;180;142;125m+[38;2;166;96;53m:[38;2;201;120;59m:[38;2;213;138;60m:[38;2;166;110;49m:[38;2;156;99;69m.[38;2;233;179;62m:[38;2;219;167;64m:[38;2;212;159;64m:[38;2;228;171;65m:[38;2;231;176;67m:[38;2;212;162;65m:[38;2;190;144;57m:[38;2;188;142;51m:[38;2;164;125;42m*[38;2;206;160;62m:[38;2;185;142;56m:[38;2;198;152;56m:[38;2;190;152;59m*[38;2;180;144;58m*[38;2;169;132;52m*[38;2;168;128;46m*[38;2;173;137;60m*[38;2;240;194;85m:[38;2;228;182;75m:[38;2;169;129;53m*[38;2;208;168;82m*[38;2;231;193;99m*[38;2;250;210;110m*[38;2;219;182;98m+[38;2;218;177;101m+[38;2;217;179;99m+[38;2;209;175;95m+[38;2;236;192;109m*[38;2;221;174;100m+[38;2;247;203;115m+[38;2;240;199;115m=[38;2;232;186;112mx[38;2;196;153;91m8[38;2;207;163;95m8[38;2;211;167;96m8[38;2;214;167;94m8[38;2;218;167;97m8[38;2;205;158;90m8[38;2;196;153;84m8[38;2;194;150;81m8[38;2;175;134;72m8[38;2;249;195;105m=[38;2;253;202;111m+[38;2;226;178;101m=[38;2;236;178;105m=[38;2;219;169;95m=[38;2;251;192;105m=[38;2;186;137;77m8[38;2;227;162;99m8[38;2;233;165;100m8[38;2;229;158;95m8[38;2;220;143;89m8[38;2;219;142;97m8[38;2;191;119;81m8[38;2;199;120;84m8[38;2;239;143;108m8[38;2;233;129;102m#[38;2;245;138;109m8[38;2;247;146;118m8[38;2;237;144;123m#[38;2;245;135;119m8[38;2;236;129;113m8[38;2;235;124;111m8[38;2;242;117;112m8[38;2;237;117;116m8[38;2;245;123;119m8[38;2;250;124;118m8[38;2;243;116;112m8[38;2;235;112;112m8[38;2;243;119;115m8[38;2;232;117;112m#[38;2;233;122;119m#[38;2;234;112;113m8[38;2;244;117;117m8[38;2;252;121;123m8[38;2;244;110;120m8[38;2;248;108;120m8[38;2;234;107;115m#[38;2;238;114;119m#[38;2;237;113;120m#[38;2;247;117;124m8[38;2;235;122;121m#[38;2;243;131;126m#[38;2;241;123;120m#[38;2;240;126;119m#[38;2;237;126;118m#[38;2;254;138;126m8[38;2;237;130;118m#[38;2;242;134;118m#[38;2;245;135;116m#[38;2;245;132;111m#[38;2;244;136;113m#[38;2;243;138;109m#[38;2;241;138;103m#[38;2;239;140;103m#[38;2;251;151;108m8[38;2;244;147;101m8[38;2;240;143;92m8[38;2;231;142;92m8[38;2;200;124;75m8[38;2;194;123;69m8[38;2;215;139;78m8[38;2;218;143;83m8[38;2;214;140;71m8[38;2;233;158;73m8[38;2;248;175;83m#[38;2;250;176;87m#[38;2;235;168;79m#[38;2;241;175;80m8[38;2;211;155;71m8[38;2;230;165;71m+[38;2;226;176;68m*[38;2;232;191;87m*[38;2;214;179;102m+[38;2;229;204;126m+              [0m
[0;1m     [38;2;154;136;113m*[38;2;206;167;113m*[38;2;190;156;106m*[38;2;206;157;99m:[38;2;141;106;75m:[38;2;135;124;118m:[38;2;196;176;129m*[38;2;151;137;114m*[38;2;177;155;113m*[38;2;205;175;106m+[38;2;203;172;108m*[38;2;199;172;113m*[38;2;215;184;116m*[38;2;212;182;114m*[38;2;190;174;150m:[38;2;211;185;117m*[38;2;199;168;88m*[38;2;199;154;58m:[38;2;175;136;62m:[38;2;212;166;65m:[38;2;226;174;62m:[38;2;220;165;57m:[38;2;182;152;61m*[38;2;195;170;81m*[38;2;208;179;88m*[38;2;219;177;74m*[38;2;213;168;72m:[38;2;164;133;48m*[38;2;196;161;57m*[38;2;189;154;64m*[38;2;204;166;81m*[38;2;196;164;84m*[38;2;199;168;85m*[38;2;227;187;88m*[38;2;227;181;92m*[38;2;228;190;105m+[38;2;217;182;106m=[38;2;222;179;109m=[38;2;233;185;110m=[38;2;219;177;104m=[38;2;253;207;121m+[38;2;230;187;110m=[38;2;246;193;112m=[38;2;223;181;101m=[38;2;238;195;116m=[38;2;241;195;126mx[38;2;201;158;96m8[38;2;235;187;109mx[38;2;232;186;108m=[38;2;221;176;107m=[38;2;219;167;96m=[38;2;226;179;97m+[38;2;233;185;104m+[38;2;236;181;111m=[38;2;252;191;124m=[38;2;214;165;105mx[38;2;221;171;111mx[38;2;235;177;124mx[38;2;229;167;124mx[38;2;237;171;125m=[38;2;223;156;119m=[38;2;246;161;137m=[38;2;179;112;94m8[38;2;175;111;91m8[38;2;185;114;98m8[38;2;210;121;112m8[38;2;209;111;105m8[38;2;207;113;104m8[38;2;206;114;105m8[38;2;203;108;106m8[38;2;184;90;95m8[38;2;250;133;133mx[38;2;250;143;137mx[38;2;186;101;100m8[38;2;205;103;106m8[38;2;230;114;114m8[38;2;233;120;116m#[38;2;247;134;130m#[38;2;243;125;124m#[38;2;243;121;120m#[38;2;235;116;115m#[38;2;228;115;117m8[38;2;211;105;109m8[38;2;204;104;102m8[38;2;207;107;101m8[38;2;219;109;108m8[38;2;215;110;109m8[38;2;240;132;124m8[38;2;244;138;127m#[38;2;253;139;129m#[38;2;255;141;129m#[38;2;238;134;121m#[38;2;235;134;119m8[38;2;230;125;109m8[38;2;237;134;115m8[38;2;226;133;112m8[38;2;184;110;91m8[38;2;228;143;117mx[38;2;253;161;126mx[38;2;200;128;96m8[38;2;177;115;86m8[38;2;221;145;103mx[38;2;243;166;116m=[38;2;246;175;124m=[38;2;217;153;102mx[38;2;242;176;107m=[38;2;236;176;102m=[38;2;207;153;93mx[38;2;212;156;93mx[38;2;246;188;97m=[38;2;241;187;93m=[38;2;248;189;100m=[38;2;238;180;86mx[38;2;250;201;95mx[38;2;186;151;68m8[38;2;200;158;67m8[38;2;198;157;67m8[38;2;239;194;76m=[38;2;173;144;52m*[38;2;160;137;72m:[38;2;236;207;95m+[38;2;227;209;130m*             [0m
[0;1m         [38;2;122;111;92m+[38;2;198;172;128m*           [38;2;161;153;137m*[38;2;228;207;145m* [38;2;12;12;12m.[38;2;197;185;134m+[38;2;12;12;12m.   [38;2;230;214;153m*[38;2;209;190;129m+[38;2;226;200;126m*[38;2;171;147;76m*[38;2;180;158;81m*[38;2;188;162;75m*[38;2;179;152;64m*[38;2;235;197;80m:[38;2;201;168;69m*[38;2;184;150;66m*[38;2;191;152;68m*[38;2;233;183;81m*[38;2;202;161;77m*[38;2;179;148;68m*[38;2;159;131;62m*[38;2;164;129;68m*[38;2;224;182;95m*[38;2;242;200;101m*[38;2;238;193;96m*[38;2;236;182;92m*[38;2;243;196;104m=[38;2;247;197;104m+[38;2;220;173;96m+[38;2;221;175;103m+[38;2;211;163;90m+[38;2;235;187;99m*[38;2;207;164;86m*[38;2;182;135;71m*[38;2;218;160;85m*[38;2;216;159;97m+[38;2;247;180;121m+[38;2;229;163;120m=[38;2;246;174;127m=[38;2;221;155;115m=[38;2;248;168;128m+[38;2;225;142;113m=[38;2;239;144;121m+[38;2;232;141;121m+[38;2;218;130;117m=[38;2;213;123;117mx[38;2;229;134;130mx[38;2;228;131;126mx[38;2;224;122;122mx[38;2;221;110;122mx[38;2;234;116;127mx[38;2;238;130;133mx[38;2;232;132;133mx[38;2;217;111;124mx[38;2;234;111;127mx[38;2;190;100;104m8[38;2;224;127;127m8[38;2;237;136;137m#[38;2;239;128;131m#[38;2;252;137;137m#[38;2;254;139;138m#[38;2;252;130;133m8[38;2;213;104;109m8[38;2;216;117;115m8[38;2;224;130;122m8[38;2;212;121;114m8[38;2;192;99;99m8[38;2;209;110;106m8[38;2;236;129;121m8[38;2;239;133;124m#[38;2;253;148;136m#[38;2;250;146;134m#[38;2;251;143;132m8[38;2;212;122;110m8[38;2;199;120;104m8[38;2;180;111;93m8[38;2;251;152;121m=[38;2;252;161;125m+[38;2;246;165;125m+[38;2;229;156;117m=[38;2;218;149;109mx[38;2;244;171;118m=[38;2;233;166;112m=[38;2;228;164;109m=[38;2;247;178;111m+[38;2;213;164;93m+[38;2;205;162;90m+[38;2;225;172;100m+[38;2;242;189;108m+[38;2;218;178;95m+[38;2;218;177;90m+[38;2;245;190;94m+[38;2;221;171;79m=[38;2;242;202;89m+[38;2;220;186;84m=[38;2;226;186;83mx[38;2;201;167;68m8[38;2;247;207;79m=[38;2;209;178;56m+[38;2;200;169;48m+[38;2;203;167;64m:[38;2;193;166;74m+[38;2;217;192;102m*            [0m
[0;1m                                  [38;2;208;192;142m+[38;2;12;12;12m. .[38;2;197;182;129m+[38;2;167;162;145m*[38;2;209;197;150m*[38;2;213;198;148m*[38;2;12;12;12m.[38;2;204;187;133m+[38;2;188;171;119m+[38;2;192;176;122m+[38;2;212;197;139m+[38;2;187;174;140m+[38;2;182;166;119m+[38;2;185;163;103m+[38;2;222;191;117m*[38;2;12;12;12m.[38;2;196;186;149m*[38;2;217;207;169m*[38;2;193;183;166m*[38;2;218;181;105m*[38;2;201;165;79m*[38;2;189;152;61m*[38;2;187;146;53m*[38;2;183;142;63m*[38;2;184;146;72m*[38;2;177;137;75m*[38;2;164;115;77m*[38;2;230;168;123m*[38;2;193;141;105m*[38;2;176;123;94m*[38;2;193;126;98m*[38;2;195;121;107m*[38;2;193;113;104m*[38;2;178;97;94m*[38;2;159;79;85m*[38;2;212;106;118m*[38;2;210;111;116m+[38;2;206;110;114m=[38;2;229;115;129m=[38;2;241;120;134m=[38;2;222;115;123m=[38;2;215;116;120m=[38;2;243;130;136m=[38;2;232;129;132m=[38;2;241;138;136m=[38;2;208;118;116mx[38;2;210;113;117mx[38;2;242;129;136mx[38;2;190;106;105m8[38;2;206;121;115m8[38;2;213;128;122m8[38;2;200;114;116m8[38;2;239;136;131mx[38;2;227;129;114m=[38;2;227;127;116m+[38;2;248;141;134m+[38;2;226;140;127mx[38;2;183;114;102m8[38;2;186;108;98m8[38;2;175;105;95m8[38;2;243;146;131mx[38;2;234;141;125mx[38;2;254;164;144m=[38;2;223;145;123m=[38;2;209;135;111m+[38;2;171;108;87m*[38;2;187;128;96m*[38;2;189;132;94m*[38;2;191;132;89m*[38;2;217;149;94m*[38;2;221;154;102m:[38;2;219;163;101m:[38;2;199;153;89m*[38;2;213;166;101m*[38;2;209;168;95m*[38;2;207;166;83m*[38;2;206;161;70m*[38;2;193;152;63m*[38;2;245;196;89m:[38;2;233;189;84m:[38;2;171;138;53m*[38;2;181;146;56m*[38;2;173;143;53m*[38;2;198;160;60m:[38;2;131;101;43m*[38;2;227;185;76m=[38;2;224;186;75m+[38;2;172;141;57m*[38;2;157;117;47m:[38;2;187;148;51m*[38;2;206;176;67m*[38;2;201;180;88m*[38;2;188;172;113m*[38;2;220;205;131m*          [0m
[0;1m                                                      [38;2;201;190;141m=[38;2;174;170;161m* [38;2;226;209;165m:[38;2;198;177;105m*[38;2;219;197;124m*[38;2;223;202;134m*[38;2;222;200;137m*[38;2;219;190;133m*[38;2;220;180;136m*[38;2;161;140;125m*[38;2;228;190;185m:[38;2;197;146;130m*[38;2;194;149;140m*[38;2;165;125;125m*[38;2;180;132;139m*[38;2;233;167;177m*[38;2;240;160;167m*[38;2;208;140;145m+[38;2;210;142;149m+[38;2;199;134;147m+[38;2;208;144;153m+[38;2;229;159;166m+[38;2;244;169;175m+[38;2;240;165;172m+[38;2;216;155;161m+[38;2;215;154;155m+[38;2;223;159;157m+[38;2;236;170;169m+[38;2;235;168;165m=[38;2;214;153;146mx[38;2;217;157;146mx[38;2;205;149;138mx[38;2;216;153;142mx[38;2;217;155;142mx[38;2;239;174;159m=[38;2;218;162;150m+[38;2;216;165;156m*[38;2;233;180;168m*[38;2;215;165;152m+[38;2;227;171;158m+[38;2;224;170;154m=[38;2;222;166;150m=[38;2;238;175;160m+[38;2;231;179;166m+[38;2;209;162;148m+[38;2;211;170;156m* [38;2;185;153;128m*[38;2;223;183;147m*[38;2;208;174;140m+[38;2;234;203;154m*[38;2;169;157;138m*[38;2;179;164;128m*[38;2;199;171;107m+[38;2;204;175;110m+[38;2;230;204;129m*[38;2;216;194;125m*[38;2;200;179;121m*[38;2;185;174;167m:[38;2;189;177;127m*[38;2;232;213;133m*[38;2;193;173;100m+[38;2;222;204;118m*[38;2;231;213;161m:[38;2;162;145;106m*[38;2;232;205;112m*[38;2;239;213;104m*[38;2;234;210;109m*[38;2;194;176;114m*[38;2;160;148;127m*[38;2;204;192;126m+[38;2;12;12;12m. .[38;2;215;202;137m=          [0m
[0;1m                                                                                                                                            [0m
