[0;1m                                                                                                                                                                [0m
[0;1m                                        [38;2;109;205;193m.[38;2;103;224;195m:[38;2;61;140;116m*[38;2;60;147;114m*[38;2;68;156;124m*[38;2;64;149;120m*[38;2;59;171;124m*[38;2;60;178;124m*[38;2;68;167;117m*[38;2;79;160;119m*[38;2;69;146;116m*[38;2;59;144;117m*[38;2;63;161;127m*[38;2;61;160;120m*[38;2;52;140;103m*[38;2;60;164;124m*[38;2;64;214;156m*[38;2;56;218;153m*[38;2;61;175;129m+                       [38;2;115;240;182m:[38;2;76;217;147m*[38;2;27;216;111m:[38;2;23;213;108m:[38;2;18;200;107m:[38;2;26;244;131m:[38;2;19;195;103m8[38;2;14;203;102m8[38;2;18;192;109m8[38;2;22;198;116m8[38;2;18;204;109m8[38;2;19;219;111m8[38;2;18;183;93m8[38;2;24;209;107m:[38;2;37;202;119m:[38;2;46;198;124m:[38;2;39;209;113m:[38;2;68;193;118m:[38;2;119;232;180m:[38;2;110;225;186m:[38;2;91;111;132m.[38;2;55;28;59m.[38;2;53;164;111m*[38;2;45;154;96m:[38;2;9;80;41m.[38;2;53;185;125m*[38;2;65;223;152m:                                                   [0m
[0;1m                                   [38;2;79;175;154m.[38;2;58;177;138m*[38;2;120;243;197m.[38;2;40;201;119m:[38;2;17;185;105m8[38;2;25;217;132m8[38;2;32;228;141m8[38;2;33;238;143m8[38;2;28;244;139m8[38;2;29;246;144m8[38;2;32;246;150m8[38;2;24;243;142m8[38;2;22;242;136m8[38;2;26;247;139m8[38;2;30;250;148m8[38;2;28;245;144m8[38;2;25;241;137m8[38;2;27;243;138m8[38;2;29;245;141m8[38;2;28;227;135m#[38;2;33;216;138m8[38;2;48;218;147m*[38;2;42;170;109m*[38;2;68;180;130m+[38;2;75;168;132m*[38;2;68;172;133m:[38;2;65;252;173m:[38;2;38;233;148m:              [38;2;68;224;178m:[38;2;48;128;97m:[38;2;48;144;92m:[38;2;47;149;79m:[38;2;55;143;101m:[38;2;78;178;133m*[38;2;103;219;152m:[38;2;34;221;135m=[38;2;21;231;141m8[38;2;14;220;133m8[38;2;14;244;144m8[38;2;16;253;146m@[38;2;13;255;151m@[38;2;16;255;155m@[38;2;18;255;152m@[38;2;16;255;145m@[38;2;17;255;145m@[38;2;18;254;144m@[38;2;17;248;147m8[38;2;21;248;145m8[38;2;23;247;140m8[38;2;18;242;135m8[38;2;20;232;137m8[38;2;28;237;147m8[38;2;30;244;149m8[38;2;25;230;133m8[38;2;20;223;125m8[38;2;25;232;141m8[38;2;32;212;138m8[38;2;45;196;136m*[38;2;81;197;130m:[38;2;67;191;127m*[38;2;79;202;158m:[38;2;93;209;181m:[38;2;93;212;189m:[38;2;76;225;179m:[38;2;23;47;47m.                                              [0m
[0;1m                               [38;2;26;190;128m:[38;2;30;242;161m=[38;2;26;217;140mx[38;2;18;234;149m=[38;2;25;250;166mx[38;2;22;217;145m8[38;2;13;208;136m8[38;2;11;226;145m8[38;2;17;255;166m@[38;2;17;254;164m@[38;2;16;249;158m@[38;2;17;255;158m@[38;2;14;255;158m@[38;2;13;255;165m@[38;2;12;255;163m@[38;2;8;240;147m@[38;2;8;253;155m@[38;2;10;255;163m@[38;2;10;255;167m@[38;2;9;255;162m@[38;2;9;255;157m@[38;2;10;255;161m@[38;2;11;255;169m@[38;2;14;255;172m@[38;2;16;245;154m@[38;2;11;203;128m8[38;2;10;196;128m8[38;2;16;212;143m8[38;2;22;208;146m8[38;2;26;215;152m8[38;2;32;246;164mx[38;2;50;228;136m:[38;2;66;131;107m:[38;2;99;137;130m:      [38;2;67;128;100m:[38;2;43;226;158m=[38;2;30;241;160m=[38;2;20;241;159m=[38;2;12;247;172m=[38;2;12;182;126m8[38;2;19;219;146m8[38;2;14;207;137m8[38;2;13;211;144m8[38;2;15;209;148m8[38;2;20;211;151m8[38;2;15;207;140m8[38;2;12;193;126m8[38;2;14;242;160m8[38;2;13;255;175m@[38;2;13;251;175m@[38;2;10;255;173m@[38;2;6;246;161m@[38;2;6;249;170m@[38;2;11;249;177m@[38;2;12;244;170m@[38;2;11;242;160m@[38;2;11;245;156m@[38;2;12;253;163m@[38;2;13;255;176m@[38;2;13;255;168m@[38;2;13;255;160m@[38;2;11;255;165m@[38;2;13;255;172m@[38;2;14;255;170m@[38;2;11;255;163m@[38;2;12;255;162m@[38;2;13;255;163m@[38;2;13;248;157m@[38;2;20;251;161m@[38;2;20;235;148m8[38;2;16;197;121m8[38;2;19;213;132m8[38;2;21;227;144m8[38;2;23;219;141m8[38;2;26;207;131m8[38;2;23;203;117m8[38;2;29;202;112m:[38;2;48;85;60m.[38;2;125;165;150m:[38;2;172;88;131m.                                           [0m
[0;1m                               [38;2;14;206;158m8[38;2;19;255;187m@[38;2;18;255;201m@[38;2;17;255;205m@[38;2;14;255;197m@[38;2;9;254;191m@[38;2;8;255;196m@[38;2;10;255;195m@[38;2;12;253;194m@[38;2;11;245;194m@[38;2;7;231;175m@[38;2;6;246;177m#[38;2;7;245;176m@[38;2;9;248;185m@[38;2;8;249;187m#[38;2;6;246;175m#[38;2;4;241;169m@[38;2;5;246;179m@[38;2;10;243;179m@[38;2;9;238;173m@[38;2;7;237;171m@[38;2;7;242;176m@[38;2;6;245;183m@[38;2;8;242;182m@[38;2;10;245;173m@[38;2;12;255;183m@[38;2;9;255;190m@[38;2;7;255;190m@[38;2;10;255;182m@[38;2;16;255;179m@[38;2;14;235;153m#[38;2;18;229;151mx[38;2;34;181;131m8[38;2;47;180;137m8     [38;2;24;218;152m=[38;2;26;182;135m8[38;2;28;245;178m@[38;2;23;254;180m@[38;2;17;251;177m@[38;2;12;255;189m@[38;2;9;255;188m@[38;2;7;255;179m@[38;2;6;255;183m@[38;2;7;255;191m@[38;2;8;255;203m@[38;2;9;255;200m@[38;2;9;255;192m@[38;2;7;255;188m@[38;2;5;255;182m@[38;2;6;244;185m@[38;2;9;246;194m@[38;2;6;242;181m@[38;2;4;246;178m@[38;2;4;246;187m@[38;2;9;242;196m@[38;2;10;243;192m@[38;2;9;247;181m@[38;2;8;250;177m@[38;2;9;248;183m@[38;2;11;240;188m@[38;2;8;233;174m@[38;2;6;233;167m@[38;2;6;245;178m@[38;2;11;246;186m@[38;2;12;241;181m@[38;2;7;240;171m@[38;2;5;239;166m@[38;2;7;238;171m@[38;2;12;239;171m@[38;2;9;243;165m@[38;2;7;255;169m@[38;2;12;255;170m@[38;2;12;255;168m@[38;2;9;255;170m@[38;2;9;255;167m@[38;2;8;252;154m@[38;2;9;243;137m@[38;2;14;199;115m8[38;2;31;253;153mx[38;2;47;204;135m8[38;2;52;225;152mx                                           [0m
[0;1m                          [38;2;46;223;190mx[38;2;48;226;192mx[38;2;25;216;168m8[38;2;22;255;197m@[38;2;11;244;187m8[38;2;13;228;184m8[38;2;9;216;173m8[38;2;7;237;186m8[38;2;12;247;195m8[38;2;15;232;199m8[38;2;17;220;195m8[38;2;19;220;182m8[38;2;18;214;173m8[38;2;14;207;173m8[38;2;6;211;181m8[38;2;9;243;209m#[38;2;14;237;199m@[38;2;16;250;208m@[38;2;14;243;207m@[38;2;12;245;210m#[38;2;10;245;200m@[38;2;6;243;192m@[38;2;6;246;193m@[38;2;13;241;202m@[38;2;12;238;198m@[38;2;8;237;192m@[38;2;7;239;192m@[38;2;9;235;197m@[38;2;11;234;203m@[38;2;10;249;207m@[38;2;9;249;200m@[38;2;8;250;199m@[38;2;9;251;210m@[38;2;12;244;195m@[38;2;13;239;175m@[38;2;11;252;179m@[38;2;11;255;188m@[38;2;17;250;187m@[38;2;18;250;182m@[38;2;13;182;132m8[38;2;15;228;169m=[38;2;21;234;178m8[38;2;24;255;198m@[38;2;21;255;191m@[38;2;17;255;206m@[38;2;8;255;206m@[38;2;7;244;203m@[38;2;9;243;199m@[38;2;9;243;197m@[38;2;7;241;198m@[38;2;7;242;206m@[38;2;8;244;208m@[38;2;7;244;198m@[38;2;8;246;199m@[38;2;8;248;207m@[38;2;7;243;211m@[38;2;7;240;205m@[38;2;6;236;197m@[38;2;6;241;202m@[38;2;7;244;209m@[38;2;8;238;206m@[38;2;8;247;206m@[38;2;7;247;202m@[38;2;4;243;205m@[38;2;6;240;214m@[38;2;7;243;211m@[38;2;6;248;198m@[38;2;6;250;199m@[38;2;8;246;209m@[38;2;9;240;208m@[38;2;7;243;201m@[38;2;5;245;193m@[38;2;6;249;199m@[38;2;7;243;206m@[38;2;7;237;202m@[38;2;7;240;193m@[38;2;7;244;189m@[38;2;8;248;192m@[38;2;12;247;204m@[38;2;9;246;195m@[38;2;6;244;179m@[38;2;8;245;168m@[38;2;12;248;173m@[38;2;13;247;184m@[38;2;11;247;183m@[38;2;9;246;179m@[38;2;7;244;169m@[38;2;14;255;176m@[38;2;18;255;179m@[38;2;11;255;174m@[38;2;11;255;169m@[38;2;20;255;178m@[38;2;16;243;164m@[38;2;17;229;159mx[38;2;26;220;157mx[38;2;27;223;157mx[38;2;27;218;153mx[38;2;36;240;166mx[38;2;36;237;162mx[38;2;33;222;157mx[38;2;50;235;181mx[38;2;66;209;167mx[38;2;77;164;132m=                               [0m
[0;1m                       [38;2;20;148;139m:[38;2;46;250;225m+[38;2;17;234;194m@[38;2;8;254;215m#[38;2;12;240;204m8[38;2;23;232;187m#[38;2;24;183;145m8[38;2;46;235;190m:[38;2;25;170;136m*[38;2;40;227;173m:[38;2;41;207;146m:[38;2;34;238;161m:[38;2;31;253;182m:[38;2;34;250;201m:[38;2;25;174;148m*[38;2;29;193;166m*[38;2;29;215;183m*[38;2;18;204;183m*[38;2;21;211;191m8[38;2;31;226;203m#[38;2;33;227;207m8[38;2;28;244;228m8[38;2;23;230;218m@[38;2;22;251;237m#[38;2;21;247;232m#[38;2;20;241;225m#[38;2;17;240;236m#[38;2;14;241;235m#[38;2;10;244;229m#[38;2;10;253;234m#[38;2;12;240;230m@[38;2;12;240;238m#[38;2;8;231;214m8[38;2;9;233;207m8[38;2;13;240;216m8[38;2;12;233;222m8[38;2;11;246;232m8[38;2;10;252;222m#[38;2;7;245;207m@[38;2;7;246;207m@[38;2;9;244;211m@[38;2;6;246;200m@[38;2;5;255;206m@[38;2;5;255;223m@[38;2;5;253;222m@[38;2;5;240;214m@[38;2;6;239;214m@[38;2;6;241;219m@[38;2;8;251;235m@[38;2;8;249;239m@[38;2;6;243;230m@[38;2;4;242;226m@[38;2;6;248;236m@[38;2;8;246;244m@[38;2;6;239;240m@[38;2;4;238;232m@[38;2;5;239;230m@[38;2;6;240;231m@[38;2;6;237;235m@[38;2;7;238;233m@[38;2;8;243;233m@[38;2;6;250;241m@[38;2;6;241;236m@[38;2;10;245;242m#[38;2;10;246;237m@[38;2;8;249;233m@[38;2;2;247;230m@[38;2;6;242;241m@[38;2;8;241;240m@[38;2;5;243;225m@[38;2;6;250;227m@[38;2;8;249;232m@[38;2;4;245;231m#[38;2;4;243;223m@[38;2;4;245;218m@[38;2;4;244;219m@[38;2;7;244;231m@[38;2;8;244;233m@[38;2;6;246;222m@[38;2;5;246;214m@[38;2;5;242;215m@[38;2;7;239;229m@[38;2;8;245;225m@[38;2;9;250;212m@[38;2;7;248;207m@[38;2;7;248;213m@[38;2;8;252;218m@[38;2;7;251;216m@[38;2;6;250;213m@[38;2;5;249;207m@[38;2;8;247;204m@[38;2;10;247;203m@[38;2;8;249;201m@[38;2;4;250;199m@[38;2;5;248;196m@[38;2;7;251;196m@[38;2;11;255;203m@[38;2;16;255;204m@[38;2;12;255;201m@[38;2;10;255;199m@[38;2;13;255;196m@[38;2;15;255;193m@[38;2;16;255;186m@[38;2;20;254;187m#[38;2;34;226;170m@[38;2;55;212;164m@                               [0m
[0;1m                     [38;2;64;243;238m*[38;2;27;226;221m=[38;2;18;235;224m@[38;2;12;239;223m#[38;2;15;242;226m#[38;2;20;227;216m=[38;2;48;248;231m:[38;2;58;241;212m*[38;2;64;236;211m+[38;2;56;204;188m+[38;2;59;209;193m.  [38;2;34;221;171m.   [38;2;26;168;149m:[38;2;44;240;219m+[38;2;42;227;207m+[38;2;44;219;204m*[38;2;47;227;218m*[38;2;36;182;178m*[38;2;42;226;222mx[38;2;40;225;220m@[38;2;35;232;225m#[38;2;37;247;242m#[38;2;37;246;247m#[38;2;22;236;243m#[38;2;22;236;239m#[38;2;26;244;240m#[38;2;23;245;241m#[38;2;18;249;249m#[38;2;16;220;223m8[38;2;22;210;204m*[38;2;24;218;207m*[38;2;20;227;212m*[38;2;10;177;177m*[38;2;11;192;189m8[38;2;14;246;236m@[38;2;10;237;227m@[38;2;8;250;244m@[38;2;10;239;234m@[38;2;11;241;230m@[38;2;10;242;229m@[38;2;5;245;237m@[38;2;5;249;245m@[38;2;7;251;247m@[38;2;6;251;245m@[38;2;6;249;245m@[38;2;5;246;248m@[38;2;9;249;254m@[38;2;8;244;250m@[38;2;7;237;243m@[38;2;8;240;244m@[38;2;9;225;241m@[38;2;8;227;252m#[38;2;6;237;253m#[38;2;5;240;253m#[38;2;5;239;254m#[38;2;11;238;253m#[38;2;11;233;247m#[38;2;8;229;239m@[38;2;7;242;249m@[38;2;7;243;252m@[38;2;9;242;255m@[38;2;9;243;249m@[38;2;8;243;244m@[38;2;5;243;249m@[38;2;8;242;255m@[38;2;8;242;253m@[38;2;4;244;247m@[38;2;5;249;247m@[38;2;6;245;245m@[38;2;4;244;249m#[38;2;4;243;241m@[38;2;5;246;238m@[38;2;4;244;240m@[38;2;8;242;249m@[38;2;10;243;251m@[38;2;7;246;244m@[38;2;6;249;244m@[38;2;7;245;249m@[38;2;8;239;251m#[38;2;9;236;240m@[38;2;9;244;234m@[38;2;7;242;227m@[38;2;6;245;235m@[38;2;7;249;244m@[38;2;5;250;245m@[38;2;4;246;239m@[38;2;5;239;232m@[38;2;7;243;229m@[38;2;7;248;229m@[38;2;5;246;224m@[38;2;4;243;224m@[38;2;4;244;227m@[38;2;5;249;225m@[38;2;7;253;220m@[38;2;13;253;216m@[38;2;8;249;215m@[38;2;6;248;215m@[38;2;10;252;217m@[38;2;11;254;216m@[38;2;10;250;210m@[38;2;10;247;203m@[38;2;10;250;201m@[38;2;14;253;201m@[38;2;21;249;194m@[38;2;29;246;191m=[38;2;44;214;169m+[38;2;37;180;142m*                           [0m
[0;1m                 [38;2;52;129;133m:[38;2;76;182;183m:[38;2;53;239;239mx[38;2;31;247;249m#[38;2;11;243;249m#[38;2;11;230;239m@[38;2;20;235;239m#[38;2;28;224;218m+[38;2;44;227;210m+[38;2;36;216;207m+[38;2;41;195;189m+[38;2;59;207;197m+[38;2;62;215;205m+[38;2;59;221;214m+[38;2;59;219;216m+[38;2;58;219;219m+[38;2;56;210;207m+[38;2;66;224;209m+[38;2;68;219;199m:     [38;2;48;179;169m:[38;2;64;201;199m+[38;2;52;215;222m+[38;2;25;202;210m+[38;2;24;217;221m*[38;2;31;225;225m=[38;2;34;233;233m@[38;2;33;240;242m#[38;2;28;239;247m#[38;2;27;235;239m#[38;2;33;232;235m@[38;2;32;190;193m8[38;2;31;223;230m*[38;2;23;221;223m+[38;2;47;224;221m*[38;2;49;218;212m*[38;2;38;237;218m:[38;2;13;200;207m8[38;2;13;234;241m@[38;2;11;249;249m#[38;2;8;245;247m@[38;2;6;246;251m@[38;2;7;250;253m@[38;2;11;251;251m@[38;2;12;250;251m@[38;2;9;249;254m@[38;2;11;248;255m@[38;2;11;248;254m@[38;2;7;246;251m@[38;2;5;245;251m@[38;2;5;240;252m@[38;2;8;217;237m@[38;2;7;231;252m#[38;2;5;219;237m@[38;2;6;227;238m@[38;2;11;221;237m@[38;2;16;227;254m#[38;2;12;233;253m#[38;2;9;234;254m#[38;2;7;233;254m#[38;2;8;234;255m#[38;2;7;230;251m#[38;2;5;223;243m@[38;2;3;241;255m@[38;2;3;229;249m@[38;2;7;210;237m@[38;2;9;232;252m@[38;2;9;238;251m@[38;2;6;240;255m@[38;2;5;237;255m@[38;2;5;233;253m@[38;2;5;231;247m@[38;2;4;235;249m@[38;2;2;232;249m@[38;2;2;232;252m#[38;2;3;235;249m@[38;2;4;239;250m@[38;2;5;239;250m@[38;2;6;234;255m@[38;2;6;234;254m@[38;2;6;240;248m@[38;2;5;244;251m@[38;2;6;242;255m@[38;2;8;241;254m#[38;2;7;238;248m@[38;2;5;243;246m@[38;2;6;241;241m@[38;2;6;229;235m@[38;2;6;234;245m#[38;2;5;240;249m#[38;2;6;241;247m#[38;2;12;238;251m#[38;2;10;241;248m#[38;2;7;244;245m#[38;2;8;241;237m#[38;2;7;237;236m#[38;2;3;249;252m#[38;2;3;250;245m@[38;2;4;251;239m@[38;2;7;246;235m@[38;2;5;245;234m@[38;2;6;244;233m@[38;2;9;247;230m@[38;2;12;252;236m@[38;2;11;255;240m@[38;2;8;255;231m@[38;2;8;252;224m@[38;2;9;249;218m@[38;2;12;255;224m@[38;2;13;252;217m#[38;2;25;251;216m#[38;2;30;178;158m8[38;2;80;193;187m*[38;2;87;199;194m*                         [0m
[0;1m                [38;2;77;176;192m:[38;2;27;205;215m8[38;2;19;234;244m8[38;2;19;240;245m@[38;2;17;227;228m8[38;2;12;219;226m+[38;2;26;217;229m=[38;2;53;229;233m+[38;2;59;204;200m*[38;2;46;201;196m+[38;2;54;230;231m+[38;2;59;237;242m+[38;2;54;232;241m+[38;2;43;212;223m+[38;2;38;208;220m+[38;2;43;205;214m=[38;2;47;210;217m+[38;2;49;203;209m+[38;2;61;198;201m+[38;2;50;192;203m+[38;2;28;181;199m+[38;2;25;207;224m*[38;2;42;226;233m*[38;2;68;222;220m*[38;2;49;143;148m:[38;2;68;202;204m.[38;2;64;196;182m.[38;2;68;176;180m*[38;2;63;198;203m=[38;2;53;255;254m*[38;2;35;215;214m*[38;2;40;218;221m=[38;2;50;215;221m@[38;2;46;240;245m#[38;2;39;243;245m8[38;2;39;230;230m@[38;2;46;246;247mx[38;2;42;214;217m:[38;2;48;240;244m*[38;2;54;186;191m*[38;2;53;175;181m*[38;2;32;188;198m8[38;2;20;246;253m@[38;2;10;251;255m@[38;2;7;236;246m@[38;2;7;241;252m@[38;2;8;244;255m@[38;2;10;244;255m@[38;2;9;240;252m@[38;2;7;236;247m@[38;2;4;231;248m@[38;2;7;237;254m@[38;2;8;241;255m@[38;2;4;227;247m@[38;2;5;232;248m#[38;2;10;234;254m#[38;2;11;221;254m#[38;2;17;222;246m#[38;2;18;225;242m#[38;2;10;222;251m#[38;2;8;219;253m#[38;2;12;209;239m@[38;2;9;215;252m@[38;2;7;214;250m@[38;2;5;217;252m@[38;2;7;213;252m@[38;2;6;211;250m@[38;2;5;212;248m@[38;2;4;217;250m@[38;2;5;216;252m@[38;2;7;211;251m@[38;2;8;214;249m@[38;2;7;215;242m@[38;2;7;214;243m@[38;2;6;210;249m@[38;2;5;210;252m@[38;2;5;215;249m@[38;2;7;221;249m@[38;2;8;222;253m@[38;2;5;215;251m@[38;2;5;219;248m@[38;2;6;223;245m@[38;2;6;228;250m@[38;2;7;227;255m@[38;2;7;224;254m@[38;2;7;223;247m@[38;2;7;222;244m@[38;2;5;221;249m@[38;2;3;219;252m@[38;2;4;223;251m@[38;2;5;227;246m@[38;2;4;234;250m@[38;2;5;238;253m@[38;2;7;236;250m@[38;2;6;236;250m@[38;2;7;231;248m@[38;2;10;223;244m@[38;2;12;229;247m@[38;2;12;236;250m#[38;2;12;216;229m#[38;2;11;216;232m#[38;2;9;231;249m#[38;2;7;239;254m#[38;2;5;228;237m@[38;2;3;248;253m@@[38;2;4;245;249m@[38;2;6;242;243m@[38;2;7;246;245m@[38;2;8;251;249m@[38;2;8;250;241m@[38;2;10;252;243m@[38;2;12;254;248m@[38;2;12;252;245m@[38;2;11;254;235m@[38;2;12;255;227m@[38;2;14;241;212m@[38;2;25;249;224m#[38;2;34;211;197m8[38;2;75;203;197m:[38;2;131;240;242m.                       [0m
[0;1m              [38;2;98;188;190m*[38;2;58;237;242mx[38;2;18;212;221m8[38;2;15;243;255m@[38;2;25;255;255m@[38;2;21;207;211m8[38;2;28;213;218m+[38;2;47;221;234m*[38;2;46;204;222m*[38;2;51;167;169m*[38;2;61;201;204m*[38;2;66;222;231m*[38;2;63;185;193m*[38;2;61;173;179m*[38;2;59;184;191m*[38;2;50;173;182m*[38;2;60;231;240m:[38;2;48;212;217m*[38;2;42;200;215m8[38;2;41;199;220m8[38;2;28;186;217m8[38;2;32;193;224m=[38;2;62;232;247m:[38;2;44;199;215m*[38;2;52;193;195m*[38;2;66;207;204m*[38;2;56;214;236m+[38;2;42;162;192m*[38;2;38;147;197m*   [38;2;44;214;216m*[38;2;42;239;247m*[38;2;38;210;220m=[38;2;49;217;231m#[38;2;53;238;247m@[38;2;51;240;244m#[38;2;53;218;222m#[38;2;61;209;215mx[38;2;49;203;209m*[38;2;32;206;215m8[38;2;21;206;217m8[38;2;19;234;247m@[38;2;14;244;255m@[38;2;9;237;253m@[38;2;8;240;255m@[38;2;9;241;254m@[38;2;10;238;255m@[38;2;11;226;253m@[38;2;7;223;249m@[38;2;4;225;249m@[38;2;4;230;255m@[38;2;7;214;249m@[38;2;10;200;241m@[38;2;12;213;253m#[38;2;11;207;241m#[38;2;10;212;243m#[38;2;12;213;253m#[38;2;12;210;248m#[38;2;11;201;237m#[38;2;7;201;248m#[38;2;4;188;243m@[38;2;5;186;247m@[38;2;4;191;251m@[38;2;3;194;253m@[38;2;4;198;255m@[38;2;9;193;255m@[38;2;9;189;253m@[38;2;6;190;248m@[38;2;5;197;248m@[38;2;6;199;252m@[38;2;9;190;252m@[38;2;7;193;247m@[38;2;7;198;245m@[38;2;8;202;251m@[38;2;6;193;250m@[38;2;3;187;243m@[38;2;2;190;238m@[38;2;6;194;239m@[38;2;9;196;246m@[38;2;3;196;251m@[38;2;5;198;247m@[38;2;6;200;243m@[38;2;3;197;241m@[38;2;4;197;248m@[38;2;5;200;253m@[38;2;5;205;250m@[38;2;6;210;250m@[38;2;7;212;254m@[38;2;7;203;255m@[38;2;7;202;249m@[38;2;6;206;244m@[38;2;6;209;246m@[38;2;7;212;251m@[38;2;7;216;255m@[38;2;8;221;255m@[38;2;8;225;255m@[38;2;9;224;255m@[38;2;10;222;255m@[38;2;9;215;247m@[38;2;8;208;239m#[38;2;10;200;232m#[38;2;13;207;240m#[38;2;12;204;230m#[38;2;9;210;227m#[38;2;9;229;247m#[38;2;6;217;237m@[38;2;4;218;238m@[38;2;3;232;249m@[38;2;5;238;255m@[38;2;7;231;250m@[38;2;7;234;245m@[38;2;7;241;247m@[38;2;8;250;255m@[38;2;8;249;255m@[38;2;9;248;249m@[38;2;9;249;245m@[38;2;9;255;251m@[38;2;11;255;255m@[38;2;12;246;240m@[38;2;14;242;232m8[38;2;17;229;217m8[38;2;24;195;187m8[38;2;68;196;191m*                     [0m
[0;1m             [38;2;52;179;188m*[38;2;41;226;238m8[38;2;29;255;255m@[38;2;15;255;255m@[38;2;8;180;195m8[38;2;35;229;242mx[38;2;61;224;230m*[38;2;78;196;196m:[38;2;59;200;204m*[38;2;46;190;207m+[38;2;29;172;198m8[38;2;19;160;197m8[38;2;13;147;197m8[38;2;14;137;185m8[38;2;16;138;179m8[38;2;15;142;181m8[38;2;14;141;182m8[38;2;11;136;181m8[38;2;13;151;200m8[38;2;24;205;252m@[38;2;23;206;254m@[38;2;13;195;251m@[38;2;7;173;239m8[38;2;8;135;190m8[38;2;14;144;190m8[38;2;18;153;192m8[38;2;21;149;179m8[38;2;55;200;222m*[38;2;60;195;238m*[38;2;45;161;209m=[38;2;36;162;203m*[38;2;0;97;114m.  [38;2;27;163;166m*[38;2;42;185;195m*[38;2;46;211;229mx[38;2;47;203;214mx[38;2;48;197;203m8[38;2;56;234;243m@[38;2;40;202;218m#[38;2;13;170;192m8[38;2;18;231;247m@[38;2;12;250;255m@[38;2;7;246;255m@[38;2;7;235;254m@[38;2;9;228;254m@[38;2;9;226;255m@[38;2;9;225;255m@[38;2;10;219;255m@[38;2;10;206;255m@[38;2;6;205;255m@[38;2;4;197;244m@[38;2;4;200;243m@[38;2;8;183;237m@[38;2;12;182;243m#[38;2;10;173;220m@[38;2;10;175;221m@[38;2;11;175;229m@[38;2;10;176;235m@[38;2;6;171;234m@[38;2;4;172;239m@[38;2;4;177;246m@[38;2;5;171;250m@[38;2;5;164;251m@[38;2;4;170;251m@[38;2;5;173;254m@@[38;2;7;173;255m@[38;2;7;169;253m@[38;2;5;169;247m@[38;2;4;180;251m@[38;2;5;179;252m@[38;2;6;162;245m@[38;2;5;168;243m@[38;2;5;175;245m@[38;2;6;179;251m@[38;2;4;176;252m@[38;2;2;174;248m@[38;2;2;175;244m@[38;2;4;176;246m@[38;2;6;173;249m@[38;2;4;169;243m@[38;2;6;175;242m@[38;2;6;180;244m@[38;2;4;180;248m@[38;2;3;177;251m@[38;2;6;179;252m@[38;2;8;187;254m@[38;2;8;190;252m@[38;2;6;185;248m@[38;2;8;181;249m@[38;2;7;183;249m@[38;2;7;187;248m@[38;2;9;190;250m@[38;2;10;187;252m@[38;2;8;186;251m@[38;2;9;190;252m@[38;2;8;195;251m@[38;2;5;195;251m@[38;2;5;193;250m@[38;2;6;195;250m@[38;2;8;192;243m@[38;2;10;199;255m#[38;2;9;182;234m@[38;2;8;179;225m@[38;2;9;175;213m@[38;2;15;201;241m#[38;2;20;207;245m#[38;2;17;212;246m#[38;2;6;207;238m@[38;2;3;218;252m@[38;2;6;225;255m@[38;2;5;231;254m@[38;2;6;236;254m@[38;2;6;238;255m@[38;2;6;243;255m@[38;2;9;244;255m@[38;2;13;247;255m@[38;2;11;252;255m@[38;2;8;251;254m@[38;2;8;254;255m@[38;2;7;255;255m@[38;2;11;255;255m@[38;2;23;255;255m@[38;2;24;242;240m8[38;2;35;241;246mx[38;2;49;198;206m+[38;2;66;169;175m.                  [0m
[0;1m             [38;2;25;204;224m8[38;2;13;237;251m#[38;2;8;170;177m8[38;2;38;237;246mx[38;2;38;162;170m*[38;2;99;226;216m.[38;2;56;217;238m+[38;2;41;215;254mx[38;2;27;191;245m=[38;2;24;191;247mx[38;2;22;197;255m@[38;2;12;194;255m@[38;2;3;181;255m@[38;2;6;177;255m@[38;2;9;180;255m@[38;2;6;181;255m@[38;2;6;184;255m@[38;2;7;182;255m@[38;2;7;170;249m@[38;2;4;171;249m@[38;2;5;174;249m@[38;2;5;167;245m@[38;2;6;176;255m@[38;2;7;180;255m@[38;2;7;173;249m@[38;2;10;184;255m@[38;2;17;178;241m@[38;2;31;163;236mx[38;2;42;147;208m+[38;2;48;159;217m*[38;2;47;162;207m+[38;2;46;150;187m+[38;2;44;121;164m: [38;2;45;109;129m:[38;2;67;159;165m=[38;2;46;142;147m*[38;2;32;181;200m+[38;2;34;200;218m8[38;2;28;207;229m@[38;2;14;205;233m@[38;2;8;226;255m@[38;2;6;209;238m@[38;2;8;223;250m@[38;2;8;232;255m@[38;2;7;222;254m@[38;2;7;206;252m@[38;2;7;197;249m@[38;2;7;195;250m@[38;2;7;187;248m@[38;2;8;165;235m@[38;2;8;167;238m@[38;2;6;161;230m@[38;2;4;161;228m@[38;2;6;155;226m@[38;2;7;151;219m@[38;2;7;154;213m@[38;2;9;150;214m@[38;2;12;144;225m@[38;2;9;151;234m@[38;2;5;147;230m@[38;2;4;151;239m@[38;2;7;155;246m@[38;2;7;147;239m@[38;2;6;142;234m@[38;2;6;149;239m@[38;2;6;147;240m@[38;2;6;142;239m@[38;2;7;144;244m@[38;2;6;143;238m@[38;2;5;141;231m@[38;2;5;146;233m@[38;2;5;147;236m@[38;2;7;144;235m@[38;2;6;151;240m@[38;2;6;155;240m@[38;2;8;159;245m@[38;2;7;158;249m@[38;2;6;158;248m@[38;2;7;160;246m@[38;2;6;163;250m@[38;2;6;162;254m@[38;2;7;154;245m@[38;2;7;158;243m@[38;2;8;163;245m@[38;2;7;168;251m@[38;2;6;164;252m@[38;2;8;161;249m@[38;2;11;163;246m@[38;2;10;161;243m@[38;2;5;157;241m@[38;2;7;160;245m@[38;2;7;162;247m@[38;2;7;166;249m@[38;2;8;172;252m@[38;2;9;172;252m@[38;2;11;168;249m@[38;2;11;167;248m@[38;2;10;167;248m@[38;2;6;168;248m@[38;2;8;171;247m@[38;2;10;174;246m@[38;2;11;179;251m@[38;2;11;179;252m@[38;2;9;176;251m@[38;2;6;174;247m@[38;2;6;168;235m@[38;2;11;172;227m@[38;2;18;176;223m@[38;2;21;179;221m@[38;2;17;172;215m@[38;2;14;181;229m@[38;2;12;202;249m@[38;2;7;208;248m@[38;2;5;213;248m@[38;2;7;220;252m@[38;2;7;226;253m@[38;2;9;230;253m@[38;2;11;232;253m@[38;2;10;238;252m@[38;2;9;244;253m@[38;2;10;243;253m@[38;2;10;240;250m@[38;2;11;242;250m@[38;2;11;245;250m@[38;2;5;255;255m@[38;2;19;255;255m@[38;2;32;221;229m@[38;2;34;177;184mx                  [0m
[0;1m          [38;2;35;113;127m.[38;2;43;193;197m:[38;2;17;173;195m8[38;2;16;239;255m@[38;2;17;221;245m8[38;2;30;212;244m+[38;2;33;176;213m=[38;2;30;186;227mx[38;2;23;170;213mx[38;2;23;186;236m8[38;2;18;199;255m@[38;2;9;180;253m@[38;2;10;185;255m@[38;2;8;166;248m@[38;2;8;150;222m8[38;2;11;150;215m8[38;2;15;143;212m8[38;2;16;139;210m8[38;2;14;147;220m8[38;2;12;148;219m8[38;2;11;152;229m8[38;2;13;152;242m@[38;2;12;165;255m@[38;2;10;162;253m@[38;2;8;157;246m@[38;2;13;152;244m@[38;2;15;149;240m@[38;2;9;148;238m@[38;2;6;146;234m@[38;2;11;156;250m#[38;2;21;156;247m@[38;2;30;158;251m+[38;2;37;121;186m*[38;2;47;118;180m*[38;2;57;125;183m+[38;2;61;146;205m+[38;2;39;93;125m*[38;2;43;121;152m*[38;2;41;170;205mx[38;2;32;168;205mx[38;2;28;203;237m#[38;2;19;220;255m@[38;2;6;195;231m@[38;2;5;207;243m@[38;2;8;218;252m@[38;2;8;207;251m@[38;2;8;198;248m@[38;2;9;201;249m@[38;2;10;189;249m@[38;2;9;169;238m@[38;2;6;158;227m@[38;2;5;160;231m@[38;2;7;154;230m@[38;2;12;128;209m@[38;2;11;131;210m@[38;2;10;147;231m#[38;2;7;147;232m#[38;2;8;138;230m#[38;2;10;136;226m#[38;2;12;139;222m#[38;2;12;135;222m#[38;2;10;128;227m#[38;2;7;125;217m@[38;2;6;129;217m@[38;2;6;128;214m@[38;2;8;123;215m@[38;2;9;119;216m@[38;2;8;118;213m@[38;2;7;129;227m#[38;2;6;118;210m@[38;2;7;113;213m@[38;2;10;113;214m@[38;2;8;116;215m@[38;2;6;117;216m@[38;2;6;118;215m@[38;2;9;120;214m@[38;2;11;127;220m@[38;2;10;140;236m@[38;2;9;145;239m@[38;2;14;154;247m@[38;2;12;147;244m@[38;2;10;140;238m@[38;2;12;142;237m@[38;2;11;148;242m@[38;2;9;151;249m@[38;2;11;145;247m@[38;2;11;146;245m@[38;2;10;145;242m@[38;2;9;143;237m@[38;2;9;142;240m@[38;2;11;143;242m@[38;2;13;145;238m@[38;2;12;146;240m@[38;2;9;148;245m@[38;2;11;144;244m@[38;2;9;145;243m@[38;2;8;147;244m@[38;2;8;148;242m@[38;2;9;150;243m@[38;2;13;152;247m@[38;2;15;153;248m@[38;2;15;153;249m@[38;2;13;158;250m@[38;2;14;161;250m@[38;2;16;162;248m@[38;2;15;161;246m@[38;2;14;162;248m@[38;2;13;162;249m@[38;2;10;160;246m@[38;2;8;159;242m@[38;2;9;153;226m@[38;2;8;154;224m@[38;2;12;162;232m#[38;2;18;154;222m#[38;2;25;157;227m#[38;2;21;153;218m@[38;2;12;168;233m#[38;2;8;167;222m@[38;2;11;191;246m@[38;2;8;195;250m@[38;2;8;197;248m@[38;2;9;203;248m@[38;2;8;209;249m@[38;2;7;217;252m@[38;2;9;222;252m@[38;2;9;225;250m@[38;2;10;229;249m@[38;2;10;235;250m@[38;2;13;234;248m@[38;2;9;234;244m@[38;2;11;245;253m@[38;2;21;208;217m@[38;2;35;194;202m=                 [0m
[0;1m          [38;2;34;137;150m*[38;2;38;167;172m*[38;2;22;194;220mx[38;2;20;210;246m#[38;2;18;216;252m8[38;2;15;212;252m#[38;2;12;202;254m#[38;2;16;189;247m#[38;2;13;172;238m#[38;2;8;165;237m@[38;2;7;171;249m@[38;2;12;173;255m#[38;2;17;161;240m#[38;2;15;144;218m8[38;2;28;133;196m*[38;2;46;130;180m*[38;2;51;124;171m+[38;2;68;156;210m*[38;2;52;139;189m+[38;2;56;182;252m:[38;2;25;142;224m*[38;2;24;147;244m8[38;2;15;141;238m8[38;2;11;147;252m#[38;2;10;142;246m@[38;2;14;141;248m@[38;2;17;144;253m@[38;2;12;146;254m@[38;2;8;147;250m@[38;2;9;145;245m@[38;2;16;138;236m#[38;2;25;131;215m+[38;2;36;116;179m*[38;2;34;117;183m*[38;2;52;121;182m*[38;2;61;143;200m+[38;2;32;130;173m=[38;2;18;160;212m=[38;2;16;177;233m@[38;2;15;207;255m@[38;2;10;197;252m@[38;2;9;196;247m@[38;2;9;204;252m@[38;2;8;203;251m@[38;2;8;194;248m@[38;2;10;188;246m@[38;2;9;178;245m@[38;2;8;167;236m@[38;2;11;161;239m@[38;2;12;150;235m#[38;2;8;130;211m#[38;2;7;134;218m#[38;2;10;137;229m#[38;2;18;129;228m#[38;2;14;130;220m#[38;2;12;136;229m8[38;2;9;120;223m8[38;2;12;108;211m#[38;2;17;114;214m#[38;2;17;125;227m8[38;2;14;126;229m8[38;2;9;114;215m#[38;2;9;109;212m#[38;2;12;123;215m#[38;2;13;128;216m#[38;2;8;111;211m#[38;2;11;102;217m#[38;2;16;109;222m#[38;2;14;118;230m8[38;2;13;118;229m8[38;2;10;109;217m#[38;2;13;112;221m#[38;2;11;116;227m#[38;2;6;119;232m#[38;2;8;119;233m#[38;2;12;117;228m#[38;2;12;120;230m#[38;2;12;124;230m@[38;2;12;131;236m@[38;2;15;139;244m@[38;2;14;132;242m@[38;2;14;129;241m@[38;2;16;133;244m@[38;2;15;135;243m@[38;2;15;135;241m@[38;2;18;132;238m@[38;2;17;129;235m@[38;2;14;128;233m@[38;2;10;126;230m@[38;2;13;126;230m@[38;2;17;129;232m@[38;2;16;132;234m@[38;2;14;134;237m@[38;2;14;134;239m@[38;2;16;129;239m@[38;2;15;131;239m@[38;2;14;133;239m@[38;2;15;132;235m@[38;2;15;133;237m@[38;2;16;138;244m@[38;2;20;141;244m@[38;2;23;142;245m@[38;2;20;142;247m@[38;2;21;145;249m@[38;2;23;148;248m@[38;2;25;151;248m@[38;2;22;150;246m@[38;2;16;146;243m@[38;2;14;147;242m@[38;2;14;148;241m@[38;2;15;147;240m@[38;2;10;140;239m@[38;2;6;139;242m#[38;2;5;137;232m#[38;2;13;139;229m#[38;2;21;134;215m#[38;2;19;141;221m8[38;2;16;139;215m#[38;2;16;150;229m@[38;2;11;157;239m@[38;2;11;162;240m@[38;2;11;170;241m@[38;2;9;181;246m@[38;2;8;188;249m@[38;2;10;191;246m@[38;2;11;201;246m@[38;2;12;210;246m@[38;2;13;220;248m@[38;2;13;225;250m@[38;2;14;229;250m@[38;2;14;228;246m@[38;2;14;240;255m@[38;2;19;228;241m#[38;2;48;207;219m=[38;2;62;215;229m=               [0m
[0;1m             [38;2;45;221;238m+[38;2;47;214;224m+[38;2;50;210;221m+[38;2;50;187;205m*[38;2;51;165;204m*[38;2;63;203;251m:[38;2;26;147;188m8[38;2;22;196;255m@[38;2;15;153;215m8[38;2;38;124;173m*[38;2;48;158;227m*[38;2;52;129;192m+[38;2;54;102;161m+[38;2;51;111;171m+[38;2;54;129;196m+[38;2;55;122;187m*[38;2;70;158;234m.[38;2;79;155;251m.[38;2;58;103;185m+[38;2;42;109;210m*[38;2;25;124;245m8[38;2;17;131;255m@[38;2;15;125;247m@[38;2;17;126;249m@[38;2;11;122;241m@[38;2;4;121;238m#[38;2;4;124;236m#[38;2;19;132;247m#[38;2;31;137;251m+[38;2;34;111;189m*[38;2;30;134;219m*[38;2;45;128;190m*[38;2;47;156;210mx[38;2;25;169;231m@[38;2;7;172;238m@[38;2;8;186;253m@[38;2;9;186;252m@[38;2;9;182;249m@[38;2;9;178;246m@[38;2;9;175;246m@[38;2;11;172;246m@[38;2;12;163;240m@[38;2;11;151;232m@[38;2;9;143;228m@[38;2;9;141;228m@[38;2;12;133;225m@[38;2;13;127;224m#[38;2;11;125;224m8[38;2;11;119;215m8[38;2;12;111;209m8[38;2;14;103;211m8[38;2;19;111;211m8[38;2;20;112;213m8[38;2;14;100;218m8[38;2;15;99;218m8[38;2;18;106;221m8[38;2;17;110;227m8[38;2;17;107;222m8[38;2;18;101;213m8[38;2;22;110;228m8[38;2;18;107;218m8[38;2;13;103;211m8[38;2;11;100;221m8[38;2;14;100;228m8[38;2;19;101;225m8[38;2;18;102;222m8[38;2;17;100;225m8[38;2;16;99;231m8[38;2;26;109;239m8[38;2;20;108;237m8[38;2;12;104;233m8[38;2;14;106;233m8[38;2;17;106;234m8[38;2;17;106;238m8[38;2;17;110;235m#[38;2;17;109;224m@[38;2;20;117;232m@[38;2;18;112;231m@[38;2;17;110;231m@[38;2;19;113;233m@[38;2;19;115;233m@[38;2;20;114;229m@[38;2;24;110;225m@[38;2;22;112;226m@[38;2;19;115;228m@[38;2;14;116;226m@[38;2;19;121;238m#[38;2;23;118;236m#[38;2;20;118;237m#[38;2;17;117;236m#[38;2;16;109;217m@[38;2;26;118;237m#[38;2;26;119;240m#[38;2;22;112;226m@[38;2;21;114;226m@[38;2;22;113;226m@[38;2;23;111;228m@[38;2;26;116;231m@[38;2;30;122;235m@[38;2;31;127;241m@[38;2;34;133;244m@[38;2;36;137;246m@[38;2;35;137;245m@[38;2;33;135;243m@[38;2;30;134;241m@[38;2;26;135;238m@[38;2;22;135;237m@[38;2;18;133;236m@[38;2;15;123;228m@[38;2;13;115;220m@[38;2;13;124;231m#[38;2;17;128;235m#[38;2;19;122;225m#[38;2;17;117;213m8[38;2;15;116;210m8[38;2;11;124;224m8[38;2;11;126;219m@[38;2;15;139;231m@[38;2;15;147;234m@[38;2;11;155;239m@[38;2;11;159;241m@[38;2;14;161;240m@[38;2;14;170;240m@[38;2;15;180;241m@[38;2;15;192;244m@[38;2;16;203;250m@[38;2;15;204;248m@[38;2;13;204;244m@[38;2;14;214;247m@[38;2;15;223;249m@[38;2;16;231;254m#[38;2;31;201;221m8[38;2;64;193;210m=              [0m
[0;1m                 [38;2;58;206;232m*[38;2;56;191;221m=[38;2;55;191;228m*[38;2;13;131;179m8[38;2;8;173;252m@[38;2;10;153;237m@[38;2;19;146;235m8[38;2;36;136;216m*[38;2;47;119;186m*[38;2;53;130;201m+[38;2;53;129;220m+[38;2;38;96;186m+[38;2;38;104;198m:[38;2;41;100;199m+[38;2;46;108;235m#[38;2;37;108;240m#[38;2;27;112;247m@[38;2;19;112;251m@[38;2;24;114;251m@[38;2;24;111;243m@[38;2;13;110;244m#[38;2;7;111;242m#[38;2;10;117;242m#[38;2;25;123;243m#[38;2;31;127;241m#[38;2;29;115;216m+[38;2;48;148;219mx[38;2;40;169;245m#[38;2;19;176;249m#[38;2;13;182;255m@[38;2;10;182;253m@[38;2;9;187;255m@[38;2;9;179;253m@[38;2;10;172;250m@[38;2;10;162;243m@[38;2;7;145;232m@[38;2;9;136;230m@[38;2;14;132;231m@[38;2;11;125;228m#[38;2;11;125;238m8[38;2;13;114;220m#[38;2;17;117;236m8[38;2;17;112;228m8[38;2;17;109;219m8[38;2;17;102;210m8[38;2;18;92;202m8[38;2;18;84;193m8[38;2;18;83;184m8[38;2;18;82;183m8[38;2;19;80;190m8[38;2;27;86;202m8[38;2;28;90;205m8[38;2;19;85;198m8[38;2;19;84;195m8[38;2;23;84;196m8[38;2;21;81;200m8[38;2;22;84;199m8[38;2;22;85;199m8[38;2;20;79;200m8[38;2;26;81;215m8[38;2;32;89;227m8[38;2;26;87;218m8[38;2;24;84;215m8[38;2;24;80;215m8[38;2;27;80;209m8[38;2;23;80;202m8[38;2;18;79;199m8[38;2;19;82;203m8[38;2;22;82;200m8[38;2;22;77;190m8[38;2;21;82;193m8[38;2;21;86;198m8[38;2;24;83;190m#[38;2;28;94;218m8[38;2;26;97;227m8[38;2;23;102;238m8[38;2;20;100;231m#[38;2;24;102;231m#[38;2;33;108;247m8[38;2;33;108;234m#[38;2;32;109;226m@[38;2;29;115;232m@[38;2;33;121;248m#[38;2;37;118;245m#[38;2;36;119;244m#[38;2;28;112;233m#[38;2;17;97;211m#[38;2;24;94;213m8[38;2;31;99;221m8[38;2;37;112;241m8[38;2;33;106;228m#[38;2;35;107;231m#[38;2;43;111;238m#[38;2;45;114;241m#[38;2;45;118;246m#[38;2;43;113;236m@[38;2;42;119;240m@[38;2;41;121;241m@[38;2;37;117;240m@[38;2;36;114;234m@[38;2;37;115;229m@[38;2;35;124;246m#[38;2;31;125;246m#[38;2;32;122;244m#[38;2;29;119;245m#[38;2;29;116;245m#[38;2;29;115;240m#[38;2;33;112;233m#[38;2;35;106;227m8[38;2;23;89;190m8[38;2;19;96;197m8[38;2;20;121;238m8[38;2;17;118;236m#[38;2;17;116;222m@[38;2;18;126;227m@[38;2;17;137;237m@[38;2;19;145;242m@[38;2;22;145;240m@[38;2;19;147;238m@[38;2;17;154;239m@[38;2;17;164;241m@[38;2;22;177;248m@[38;2;23;183;250m@[38;2;22;188;248m@[38;2;21;197;248m@[38;2;20;208;252m@[38;2;17;210;248m@[38;2;19;210;239m8[38;2;27;174;197m8[38;2;55;166;188mx             [0m
[0;1m                   [38;2;27;37;41m.[38;2;19;122;151m:[38;2;8;121;178m8[38;2;7;157;253m@[38;2;12;161;255m@[38;2;16;142;241m8[38;2;21;125;222m*[38;2;35;104;189m+[38;2;39;104;181m*[38;2;52;104;225m=[38;2;46;107;251m8[38;2;35;98;242m#[38;2;40;105;255m@[38;2;30;103;255m@[38;2;19;100;252m@[38;2;18;106;251m#[38;2;22;104;246m#[38;2;22;103;250m#[38;2;16;105;246m#[38;2;10;105;244m#[38;2;10;105;242m#[38;2;26;122;244m#[38;2;23;131;235m@[38;2;13;148;238m8[38;2;15;169;244m#[38;2;21;191;255m@[38;2;17;189;255m@[38;2;12;183;254m@[38;2;9;177;250m@[38;2;9;171;244m@[38;2;9;153;237m@[38;2;9;142;234m@[38;2;9;133;229m@[38;2;10;126;225m#[38;2;11;119;225m8[38;2;14;114;227m8[38;2;17;116;231m8[38;2;17;115;232m8[38;2;13;105;217m#[38;2;19;105;224m8[38;2;19;90;194m8[38;2;15;76;167m8[38;2;22;99;235mx[38;2;20;68;172m8[38;2;24;69;174m8[38;2;35;99;242mx[38;2;33;100;241mx[38;2;22;69;174m8[38;2;25;65;175m8[38;2;36;87;238mx[38;2;29;84;221mx[38;2;25;79;214mx[38;2;26;77;219mx[38;2;30;82;224mx[38;2;29;83;219mx[38;2;27;83;220mx[38;2;19;58;160m8[38;2;21;53;155m#[38;2;24;56;167m8[38;2;29;80;231mx[38;2;28;81;235mx[38;2;33;84;250mx[38;2;45;88;249mx[38;2;43;89;244mx[38;2;29;76;205mx[38;2;26;71;195m=[38;2;29;66;180m=[38;2;37;81;214m+[38;2;33;75;204m=[38;2;33;75;205mx[38;2;29;66;192m=[38;2;29;65;191mx[38;2;36;84;225mx[38;2;39;94;232mx[38;2;35;99;248mx[38;2;23;72;189m8[38;2;33;89;217m8[38;2;41;107;244m8[38;2;40;110;240m#[38;2;36;108;229m@[38;2;36;111;240m#[38;2;37;108;235m#[38;2;40;114;241m#[38;2;40;117;242m#[38;2;40;115;234m#[38;2;40;104;219m#[38;2;34;99;222m8[38;2;23;86;207m8[38;2;21;78;194m8[38;2;29;80;200m8[38;2;39;89;219m8[38;2;44;94;229m8[38;2;47;100;238m8[38;2;46;101;233m#[38;2;50;110;242m#[38;2;50;114;245m#[38;2;45;107;239m#[38;2;43;101;232m#[38;2;45;101;229m#[38;2;44;102;226m#[38;2;42;105;227m#[38;2;42;105;232m#[38;2;39;101;236m#[38;2;37;97;233m#[38;2;34;92;223m#[38;2;36;89;228m8[38;2;32;72;197m8[38;2;24;62;160m8[38;2;34;105;246mx[38;2;30;98;217m8[38;2;29;102;229m#[38;2;29;109;239m#[38;2;26;107;226m@[38;2;22;114;229m@[38;2;20;117;230m@[38;2;22;116;228m@[38;2;20;121;229m@[38;2;19;125;229m@[38;2;17;131;228m@[38;2;19;138;236m@[38;2;22;147;239m@[38;2;24;156;239m@[38;2;24;169;243m@[38;2;22;179;246m@[38;2;18;177;239m@[38;2;18;185;234m#[38;2;20;164;199m#[38;2;41;159;189mx[38;2;124;203;227m*[38;2;115;161;175m:           [0m
[0;1m                     [38;2;30;183;221mx[38;2;18;197;251m@[38;2;11;182;255m@[38;2;16;160;255m@[38;2;27;116;239m8[38;2;33;90;219m*[38;2;38;111;253m=[38;2;36;111;253m@[38;2;38;123;255m@[38;2;36;116;255m@[38;2;33;101;253m@[38;2;29;100;245m@[38;2;26;101;242m@[38;2;26;101;239m@[38;2;26;97;243m@[38;2;23;96;238m@[38;2;21;111;244m#[38;2;15;124;248m#[38;2;9;129;240m@[38;2;17;148;246m@[38;2;17;161;245m@[38;2;16;178;255m@[38;2;12;186;255m@[38;2;11;186;254m@[38;2;12;184;250m@[38;2;10;179;245m@[38;2;7;177;249m@[38;2;8;177;255m@[38;2;11;151;245m@[38;2;15;146;254mx[38;2;15;113;206m=[38;2;26;124;241mx[38;2;31;107;227m8[38;2;30;100;227m#[38;2;24;99;228m#[38;2;22;100;228m#[38;2;24;103;231m#[38;2;32;99;235m8[38;2;26;72;182m#[38;2;31;91;236mx[38;2;35;84;227mx[38;2;29;57;157m#[38;2;34;62;173m8[38;2;43;83;229mx[38;2;36;76;217mx[38;2;30;69;221mx[38;2;31;60;210mx[38;2;42;70;233m=[38;2;43;74;228m=[38;2;39;71;228m=[38;2;32;57;202mx[38;2;36;53;164m8[38;2;34;53;163m8[38;2;30;53;167m8[38;2;34;59;189m8[38;2;32;53;183m#[38;2;29;47;178m8[38;2;33;62;216mx[38;2;32;65;221m=[38;2;28;55;194m=[38;2;43;63;199m+[38;2;41;62;192m+[38;2;36;62;211m*[38;2;24;44;184m*[38;2;26;43;187m*[38;2;42;68;227m*[38;2;41;74;215m=[38;2;32;59;161m8[38;2;53;92;245mx[38;2;43;69;181m8[38;2;48;77;194m8[38;2;50;83;205m8[38;2;45;85;212m8[38;2;37;78;200m#[38;2;48;94;230m8[38;2;50;99;230m#[38;2;49;102;227m@[38;2;46;107;233m@[38;2;51;115;247m#[38;2;54;117;249m#[38;2;52;114;242m@[38;2;50;116;246m@[38;2;48;113;243m@[38;2;50;106;232m@[38;2;52;110;243m#[38;2;49;106;235m#[38;2;42;97;219m#[38;2;45;97;229m8[38;2;47;91;226m8[38;2;44;83;218m8[38;2;45;83;219m8[38;2;57;97;242m8[38;2;55;94;234m#[38;2;56;96;240m#[38;2;62;101;243m#[38;2;63;97;240m#[38;2;58;90;236m#[38;2;58;94;235m#[38;2;57;97;236m#[38;2;56;93;240m#[38;2;52;89;238m#[38;2;50;85;235m#[38;2;50;90;249m8[38;2;53;85;242m8[38;2;47;66;194m#[38;2;34;56;162m8[38;2;42;84;234mx[38;2;35;75;202m8[38;2;42;91;229m#[38;2;43;97;241m#[38;2;40;94;226m@[38;2;43;109;239m@[38;2;45;120;246m@[38;2;44;113;241m@[38;2;38;109;234m@[38;2;34;110;235m@[38;2;34;117;240m@[38;2;35;120;240m@[38;2;35;124;239m@[38;2;35;134;242m@[38;2;35;149;248m@[38;2;33;160;251m@[38;2;28;164;245m@[38;2;23;171;233m@[38;2;23;187;242m8[38;2;21;144;180m8[38;2;60;135;161m8[38;2;99;158;182m*           [0m
[0;1m                      [38;2;24;190;218m8[38;2;14;191;254m@[38;2;11;155;237m@[38;2;23;144;249m@[38;2;45;113;196m8[38;2;56;108;223mx[38;2;23;78;181m8[38;2;22;89;187m8[38;2;26;89;184m8[38;2;39;115;246mx[38;2;41;127;247mx[38;2;43;137;252mx[38;2;32;98;184m8[38;2;33;108;236mx[38;2;23;100;213m8[38;2;25;135;250m@[38;2;21;148;248m@[38;2;20;167;255m@[38;2;20;179;255m@[38;2;20;185;255m@[38;2;18;185;255m@[38;2;14;186;253m@[38;2;12;181;252m@[38;2;11;177;255m@[38;2;9;179;255m@[38;2;11;158;240m@[38;2;11;122;187m8[38;2;35;158;251mx[38;2;37;107;182m=[38;2;40;79;146m:[38;2;26;79;173mx[38;2;32;96;219m#[38;2;40;107;250m8[38;2;30;90;226m#[38;2;27;90;234m8[38;2;24;77;203m#[38;2;32;67;195m8[38;2;48;80;249mx[38;2;44;76;233mx[38;2;47;73;233mx[38;2;36;49;164m8[38;2;52;63;216mx[38;2;49;64;225m=[38;2;44;59;218m=[38;2;48;61;244m=[38;2;49;53;212mx[38;2;54;57;214mx[38;2;54;59;226mx[38;2;39;42;167m8[38;2;42;45;181m8[38;2;51;51;197m8[38;2;43;45;172m#[38;2;42;47;180m8[38;2;43;49;186m8[38;2;43;47;185m8[38;2;52;56;234mx[38;2;49;55;221m=[38;2;44;50;203m+[38;2;43;46;200m*[38;2;42;34;172m*[38;2;57;49;212m*[38;2;45;47;170mx[38;2;52;63;212mx[38;2;61;77;240mx[38;2;51;64;182m8[38;2;56;76;208m8[38;2;56;82;211m#[38;2;63;95;231m#[38;2;65;93;224m#[38;2;69;96;240m8[38;2;61;89;230m#[38;2;60;93;234m#[38;2;59;94;229m#[38;2;64;94;239m8[38;2;68;100;249m8[38;2;66;101;242m#[38;2;60;102;233m@[38;2;66;111;248m#[38;2;70;113;251m#[38;2;65;111;245m@[38;2;62;113;250m@[38;2;58;109;246m@[38;2;60;104;238m@[38;2;66;109;245m@[38;2;68;113;251m@[38;2;56;103;240m@[38;2;53;99;242m#[38;2;59;99;248m8[38;2;55;87;231m8[38;2;53;77;217m8[38;2;58;73;212m8[38;2;62;76;222m8[38;2;60;74;215m#[38;2;66;81;241m8[38;2;67;75;236m8[38;2;61;64;210m#[38;2;60;69;212m#[38;2;63;77;234m8[38;2;62;67;234m8[38;2;59;62;218m#[38;2;60;64;219m#[38;2;56;62;213m#[38;2;58;61;215m8[38;2;50;49;179m8[38;2;37;40;145m8[38;2;41;52;162m8[38;2;56;75;216m8[38;2;58;80;231m#[38;2;59;84;236m#[38;2;60;91;239m#[38;2;59;101;239m@[38;2;62;109;250m@[38;2;60;101;243m@[38;2;58;102;252m#[38;2;49;94;237m#[38;2;41;89;219m#[38;2;47;98;232m#[38;2;46;99;227m@[38;2;44;109;232m@[38;2;49;127;243m@[38;2;52;142;250m@[38;2;47;148;248m@[38;2;42;159;242m@[38;2;41;175;249m#[38;2;38;168;229m#[38;2;65;187;244mx[38;2;85;145;179m*[38;2;50;78;98m.          [0m
[0;1m                      [38;2;24;143;171m*[38;2;20;166;218m8[38;2;15;172;240m@[38;2;8;158;231m@[38;2;36;159;246m@[38;2;36;129;196m8[38;2;28;123;179m*[38;2;30;65;108m*[38;2;36;76;121m*[38;2;55;88;128m*[38;2;58;107;145m*[38;2;57;124;161m*[38;2;55;138;174m*[38;2;39;98;122m*[38;2;30;124;198m=[38;2;22;124;202m8[38;2;19;142;218m8[38;2;20;161;239m@[38;2;21;175;244m@[38;2;18;174;241m@[38;2;15;179;247m@[38;2;12;185;251m@[38;2;13;178;255m@[38;2;14;158;248m#[38;2;12;128;209m8[38;2;20;139;232mx[38;2;33;82;140m:[38;2;67;94;137m*[38;2;56;106;175m*[38;2;33;85;190m=[38;2;24;73;188m8[38;2;34;93;237m8[38;2;45;96;236m8[38;2;37;81;218m8[38;2;32;66;199m8[38;2;28;52;175m8[38;2;44;55;215mx[38;2;54;59;229m=[38;2;52;61;223m=[38;2;44;50;196mx[38;2;57;56;246m=[38;2;63;51;232m=[38;2;61;52;220m=[38;2;64;58;230m=[38;2;62;55;222mx[38;2;73;60;245mx[38;2;53;42;178m8[38;2;48;39;173m#[38;2;52;47;199m8[38;2;54;51;207m8[38;2;55;41;193m8[38;2;49;34;172m8[38;2;60;43;220mx[38;2;64;44;236m=[38;2;57;34;187mx[38;2;69;40;212m=[38;2;60;38;190m=[38;2;54;36;169mx[38;2;67;49;206mx[38;2;81;62;239mx[38;2;64;53;189m8[38;2;71;65;214m8[38;2;74;73;220m#[38;2;79;82;231m#[38;2;82;84;233m#[38;2;85;88;246m#[38;2;86;92;253m#[38;2;85;95;249m#[38;2;81;88;233m#[38;2;87;90;248m8[38;2;82;85;236m#[38;2;78;85;224m@[38;2;83;92;236m#[38;2;83;86;244m8[38;2;84;86;249m8[38;2;77;82;236m#[38;2;71;85;238m#[38;2;72;86;235m#[38;2;76;90;239m#[38;2;71;90;231m@[38;2;72;97;237m@[38;2;71;100;237m@[38;2;74;102;249m#[38;2;73;101;240m@[38;2;76;107;250m@[38;2;72;102;245m@[38;2;68;96;237m@[38;2;72;98;249m#[38;2;68;89;235m#[38;2;68;81;232m8[38;2;60;57;199m8[38;2;65;59;205m8[38;2;70;64;217m8[38;2;65;58;219m8[38;2;59;45;197m8[38;2;57;37;175m8[38;2;58;40;181m8[38;2;59;44;191m8[38;2;57;36;187m8[38;2;56;35;178m8[38;2;77;49;245mx[38;2;71;45;233mx[38;2;67;37;218mx[38;2;76;38;236m=[38;2;63;42;195mx[38;2;52;45;161m#[38;2;75;74;236m8[38;2;78;77;238m#[38;2;76;77;235m#[38;2;73;79;236m#[38;2;72;85;247m#[38;2;72;84;244m@[38;2;73;78;237m@[38;2;57;67;206m#[38;2;44;56;183m8[38;2;39;52;173m8[38;2;56;74;206m#[38;2;66;91;236m#[38;2;63;100;241m#[38;2;62;109;236m@[38;2;66;123;246m@[38;2;64;129;247m@[38;2;60;136;243m@[38;2;60;146;240m@[38;2;67;163;251m#[38;2;49;115;176m8[38;2;73;133;190m=[38;2;109;173;221m*          [0m
[0;1m                       [38;2;32;145;170m*[38;2;18;138;183m8[38;2;18;158;226m8[38;2;10;147;216m8[38;2;16;164;235m#[38;2;21;156;215m8[38;2;21;175;226m=[38;2;25;163;207mx[38;2;36;155;193mx[38;2;40;158;188mx[38;2;40;157;182mx[38;2;34;146;173mx[38;2;40;135;174m=[38;2;46;133;177m*[38;2;36;154;185m:[38;2;18;147;199m*[38;2;10;123;177m8[38;2;14;149;209m8[38;2;15;163;223m#[38;2;14;166;227m@[38;2;15;162;230m@[38;2;15;148;226m#[38;2;19;135;222mx[38;2;34;83;142m:[38;2;39;61;106m.[38;2;23;66;115m.[38;2;46;86;151m*[38;2;47;80;177m+[38;2;36;70;188m8[38;2;42;82;235m#[38;2;48;77;234m8[38;2;55;74;226m8[38;2;45;58;197m8[38;2;33;42;150m8[38;2;52;57;217m=[38;2;56;45;196mx[38;2;58;42;198mx[38;2;64;46;227m=[38;2;58;40;200mx[38;2;66;43;219mx[38;2;74;43;233mx[38;2;73;46;227mx[38;2;74;49;230mx[38;2;56;35;173m8[38;2;60;36;171m#[38;2;70;40;193m8[38;2;69;39;201m8[38;2;69;41;210m8[38;2;69;42;210m8[38;2;72;34;187m8[38;2;93;39;244mx[38;2;82;31;224mx[38;2;75;25;211mx[38;2;82;26;215mx[38;2;97;36;231mx[38;2;77;38;178m8[38;2;85;50;194m#[38;2;99;64;229m#[38;2;103;72;238m@[38;2;105;73;242m@[38;2;104;70;239m@[38;2;106;73;242m@[38;2;108;75;240m@[38;2;116;77;253m#[38;2;112;74;245m@[38;2;111;75;251m@[38;2;103;73;247m@[38;2;107;75;249m#[38;2;108;74;243m#[38;2;110;76;250m#[38;2;100;71;237m@[38;2;92;67;229m@[38;2;91;61;225m#[38;2;89;56;222m#[38;2;86;56;222m#[38;2;78;52;219m#[38;2;75;52;216m#[38;2;82;61;226m#[38;2;91;74;246m#[38;2;88;78;239m@[38;2;83;82;239m@[38;2;87;85;248m#[38;2;86;89;241m@[38;2;93;101;253m@[38;2;96;107;255m@[38;2;95;105;254m@[38;2;91;99;252m@[38;2;85;90;242m@[38;2;83;82;242m#[38;2;84;66;237m8[38;2;85;64;239m8[38;2;87;65;243m8[38;2;87;61;237m8[38;2;74;44;202m8[38;2;59;26;164m8[38;2;82;36;229mx[38;2;59;29;161m8[38;2;61;26;158m8[38;2;79;29;206mx[38;2;86;27;229m=[38;2;85;27;231m=[38;2;79;26;206mx[38;2;89;34;216mx[38;2;95;49;234mx[38;2;77;50;203m8[38;2;86;61;238m#[38;2;96;69;238m@[38;2;99;72;249m#[38;2;91;66;242m#[38;2;87;65;234m@[38;2;88;66;236m@[38;2;86;61;231m8[38;2;58;37;162m8[38;2;68;46;208mx[38;2;62;49;188m8[38;2;82;75;229m#[38;2;90;91;253m#[38;2;80;92;238m@[38;2;79;102;246m@[38;2;80;112;252m@[38;2;81;120;253m@[38;2;75;124;248m@[38;2;75;131;246m@[38;2;81;141;245m@[38;2;69;128;223m#[38;2;58;112;188m8[38;2;96;159;230mx[38;2;113;168;220m+         [0m
[0;1m                         [38;2;70;163;175m*[38;2;68;196;236m*[38;2;29;159;196mx[38;2;22;165;195m8[38;2;25;207;236m8[38;2;24;207;235m#[38;2;21;188;212m8[38;2;24;190;204m8[38;2;24;192;202m8[38;2;25;188;200m8[38;2;29;192;213mx[38;2;33;182;211m+[38;2;33;177;201m+[38;2;28;140;156m+[38;2;28;122;140m*[38;2;30;158;212m*[38;2;16;121;163m8[38;2;16;134;182m8[38;2;15;115;175m8[38;2;19;97;161mx[38;2;33;84;137m:[38;2;26;109;171m. [38;2;40;53;126m.[38;2;56;75;200m*[38;2;44;58;168m8[38;2;49;59;188m#[38;2;56;64;216m8[38;2;57;57;210m8[38;2;53;38;176m8[38;2;49;33;153m8[38;2;65;44;199m*[38;2;52;44;181m:[38;2;65;30;174m=[38;2;75;30;199mx[38;2;75;31;209mx[38;2;82;35;227mx[38;2;65;25;170m8[38;2;72;23;177m8[38;2;92;29;230mx[38;2;90;28;223mx[38;2;70;22;172m8[38;2;85;29;189m8[38;2;93;32;196m8[38;2;94;28;204m8[38;2;95;23;213m8[38;2;96;23;217m8[38;2;102;27;205m8[38;2;95;24;191m8[38;2;92;20;188m8[38;2;97;21;202m8[38;2;112;28;214m8[38;2;135;42;233m8[38;2;145;55;248m#[38;2;149;66;253m@[38;2;153;74;255m@[38;2;153;70;255m@[38;2;152;63;255m@[38;2;150;56;250m@[38;2;148;55;249m@[38;2;145;56;246m@[38;2;143;54;240m@[38;2;142;52;245m@[38;2;136;50;246m@[38;2;125;50;246m@[38;2;130;54;249m#[38;2;130;50;238m#[38;2;127;43;239m#[38;2;119;37;242m#[38;2;107;31;230m#[38;2;107;28;215m8[38;2;101;25;207m8[38;2;95;25;203m8[38;2;89;27;195m8[38;2;79;21;180m8[38;2;84;27;192m8[38;2;106;47;234m8[38;2;102;53;230m@[38;2;104;60;245m@[38;2;102;63;236m@[38;2;107;73;247m@[38;2;110;81;253m@[38;2;107;85;253m@[38;2;106;85;253m@[38;2;109;86;255m@[38;2;107;84;253m@[38;2;102;74;241m@[38;2;105;64;246m#[38;2;106;63;245m#[38;2;105;61;242m#[38;2;107;53;246m8[38;2;91;33;211m8[38;2;73;19;171m8[38;2;88;22;210mx[38;2;83;23;193mx[38;2;98;23;200mx[38;2;98;21;208mx[38;2;99;21;218mx[38;2;106;26;231mx[38;2;113;25;244mx[38;2;74;16;158m#[38;2;87;29;183m8[38;2;105;46;224m8[38;2;110;54;238m@[38;2;115;51;245m@[38;2;116;50;247m#[38;2;107;48;233m#[38;2;108;50;239m#[38;2;96;40;218m8[38;2;98;25;229m=[38;2;91;31;202mx[38;2;78;38;179m8[38;2;97;59;235m8[38;2;105;68;253m#[38;2;98;71;245m@[38;2;96;82;250m@[38;2;99;93;255m@[38;2;102;100;254m@[38;2;103;105;255m@[38;2;98;114;255m@[38;2;94;121;255m@[38;2;92;128;255m@[38;2;88;130;253m@[38;2;75;116;221m@[38;2;69;108;194m8[38;2;110;153;231mx[38;2;154;183;227m=        [0m
[0;1m                          [38;2;108;188;199m:[38;2;98;167;176m*[38;2;79;142;149m*[38;2;98;211;218m*[38;2;79;195;202m+[38;2;51;149;159m*[38;2;33;129;136m*[38;2;35;177;185m*[38;2;39;234;247m+[38;2;27;207;222mx[38;2;19;172;184m8[38;2;20;190;200m#[38;2;20;168;177m8[38;2;29;140;151m*[38;2;32;123;135m:[38;2;28;96;111m:[38;2;28;92;112m:[38;2;26;93;113m:[38;2;18;56;70m:[38;2;7;12;16m. [38;2;45;54;151m.[38;2;36;47;131m*[38;2;55;56;185mx[38;2;50;48;166m8[38;2;53;48;180m8[38;2;53;41;184m8[38;2;56;35;173m8[38;2;97;50;237m=[38;2;81;34;200m*[38;2;79;25;195m:[38;2;58;14;148m:[38;2;92;17;193m*[38;2;93;15;184m+[38;2;97;15;195m*[38;2;87;15;189m+[38;2;100;18;217m=[38;2;111;19;217mx[38;2;114;22;208mx[38;2;119;21;209mx[38;2;88;12;158m8[38;2;98;12;172m8[38;2;105;13;180m8[38;2;108;12;182m8[38;2;107;12;182m8[38;2;105;13;183m8[38;2;115;13;190m8[38;2;112;12;181m8[38;2;121;15;187m8[38;2;152;22;221m8[38;2;178;35;240m#[38;2;187;42;239m@[38;2;186;40;242m@[38;2;188;43;248m@[38;2;190;45;252m@[38;2;185;40;240m@[38;2;190;37;247m#[38;2;180;31;237m#[38;2;167;23;229m#[38;2;163;18;230m8[38;2;146;16;207m8[38;2;138;15;208m8[38;2;139;17;218m8[38;2;148;23;234m8[38;2;142;20;222m8[38;2;142;18;219m8[38;2;151;21;234m8[38;2;152;21;242m8[38;2;142;18;232m8[38;2;126;15;207m8[38;2;113;12;191m8[38;2;97;9;170m8[38;2;108;11;194mx[38;2;111;11;198m=[38;2;113;13;200m=[38;2;107;19;193mx[38;2;97;26;185m8[38;2;116;38;229m#[38;2;122;45;238m#[38;2;122;53;239m@[38;2;131;64;253m@[38;2;131;70;254m@[38;2;131;72;254m@[38;2;132;72;254m@[38;2;129;70;249m@[38;2;123;63;239m@[38;2;122;49;241m#[38;2;124;49;239m#[38;2;126;50;236m#[38;2;125;44;241m8[38;2;102;26;201m8[38;2;80;13;159m8[38;2;100;14;205mx[38;2;98;15;198mx[38;2;128;22;233m=[38;2;109;17;197m=[38;2;98;13;185m=[38;2;109;14;216m=[38;2;121;18;232mx[38;2;103;17;186m8[38;2;109;21;196m8[38;2;124;32;226m8[38;2;130;39;241m#[38;2;128;30;237m#[38;2;118;21;223m8[38;2;94;14;187m8[38;2;78;11;166m8[38;2;118;17;241m=[38;2;111;14;197m=[38;2;128;24;229m=[38;2;92;29;177m8[38;2;114;51;236m8[38;2;125;62;251m#[38;2;119;63;242m@[38;2;116;68;247m@[38;2;119;75;253m@[38;2;120;80;254m@[38;2;118;81;255m@[38;2;114;85;255m@[38;2;112;94;255m@[38;2;112;105;254m@[38;2;115;117;255m@[38;2;104;109;239m@[38;2;93;100;220m8[38;2;85;93;172m8[38;2;168;181;247m+        [0m
[0;1m                                [38;2;13;13;12m.[38;2;68;106;107m:[38;2;79;216;211m+[38;2;52;188;187m+[38;2;25;161;168m+[38;2;29;198;207mx[38;2;20;162;171m#[38;2;19;179;192m8[38;2;22;164;179m+[38;2;25;97;116m:[38;2;45;112;152m.   [38;2;38;30;137m:[38;2;45;41;167m+[38;2;62;57;221m+[38;2;55;49;166m8[38;2;63;50;180m8[38;2;60;40;171m8[38;2;55;30;160m8[38;2;82;33;215mx[38;2;104;33;225m=[38;2;92;23;192m+[38;2;78;14;157m+[38;2;75;13;153m+[38;2;102;12;186m=[38;2;111;12;192m+[38;2;94;12;160m*[38;2;93;13;161m*[38;2;112;15;190m*[38;2;127;16;201m+[38;2;127;15;198m=[38;2;146;15;230m=[38;2;135;12;219mx[38;2;106;10;166m8[38;2;113;11;166m8[38;2;163;15;226mx[38;2;170;15;227mx[38;2;128;11;169m8[38;2;147;13;187m8[38;2;165;15;199m8[38;2;193;19;222m8[38;2;215;23;241m#[38;2;222;21;244m@[38;2;216;18;236m@[38;2;211;19;238m#[38;2;216;20;246m8[38;2;189;16;213m#[38;2;212;19;247mx[38;2;206;19;243m=[38;2;201;19;233m=[38;2;178;21;208mx[38;2;195;21;228mx[38;2;198;12;234mx[38;2;198;12;243mx[38;2;140;9;176m8[38;2;136;12;173m#[38;2;192;15;246mx[38;2;198;16;253m=[38;2;182;20;230m=[38;2;182;18;238m=[38;2;160;14;217mx[38;2;162;17;219mx[38;2;163;15;232mx[38;2;113;9;169m8[38;2;104;8;162m#[38;2;143;11;226mx[38;2;134;12;213m=[38;2;123;13;201m+[38;2;110;15;183m+[38;2;120;17;200m=[38;2;113;17;191m8[38;2;139;35;232m#[38;2;149;49;249m@[38;2;146;52;254m@[38;2;144;52;253m@[38;2;148;54;253m@[38;2;140;53;243m@[38;2;135;51;233m@[38;2;147;49;246m#[38;2;147;45;245m#[38;2;144;41;241m#[38;2;148;36;251m8[38;2;126;25;218m8[38;2;97;14;175m8[38;2;114;14;215mx[38;2;120;15;229m=[38;2;124;17;212m=[38;2;122;18;199m*[38;2;86;12;146m+[38;2;108;13;197m=[38;2;135;19;232mx[38;2;100;15;163m#[38;2;109;13;181m8[38;2;121;13;204m8[38;2;137;15;233m8[38;2;139;15;226m8[38;2;153;17;246mx[38;2;121;14;200m=[38;2;112;13;184m+[38;2;139;14;222m+[38;2;134;14;217mx[38;2;101;14;169m8[38;2;116;27;204m8[38;2;124;41;227m#[38;2;133;50;236m@[38;2;136;52;241m@[38;2;130;52;243m@[38;2;131;56;250m@[38;2;132;59;251m@[38;2;130;59;247m@[38;2;134;64;253m@[38;2;138;73;255m@[38;2;140;84;255m@[38;2;136;85;255m@[38;2;122;77;243m@[38;2;108;71;223m#[38;2;100;72;193m8[38;2;132;108;200m=        [0m
[0;1m                                   [38;2;72;142;139m:[38;2;99;199;201m:[38;2;39;168;177m+[38;2;19;172;183m8[38;2;20;225;239m#[38;2;18;168;183m8[38;2;24;172;193m=[38;2;27;129;156m:[38;2;34;91;131m.[38;2;30;76;114m.[38;2;31;25;91m:[38;2;60;48;183m*[38;2;64;54;193mx[38;2;59;50;172m8[38;2;73;55;202m8[38;2;76;49;203m8[38;2;74;39;188m8[38;2;71;28;170m8[38;2;99;26;214mx[38;2;117;21;222m=[38;2;118;17;209m=[38;2;119;14;206m=[38;2;97;10;177mx[38;2;117;10;196mx[38;2;158;15;244m=[38;2;156;16;234m=[38;2;147;15;227m=[38;2;132;13;203mx[38;2;110;11;156m8[38;2;136;13;190mx[38;2;170;16;231m+[38;2;184;17;245m+[38;2;179;16;235m=[38;2;164;15;203mx[38;2;215;19;248m=[38;2;199;16;223mx[38;2;164;11;182m8[38;2;223;13;235m8[38;2;243;15;252m8[38;2;234;17;239m#[38;2;235;18;239m@[38;2;202;15;208m@[38;2;160;10;169m8[38;2;221;16;237m=[38;2;199;15;213m=[38;2;213;15;224m=[38;2;209;14;219m=[38;2;199;14;203m=[38;2;221;20;221m+[38;2;200;0;199m*[38;2;153;0;156m*[38;2;200;18;212m*[38;2;188;15;204m+[38;2;179;17;195m=[38;2;147;14;159mx[38;2;185;17;203m=[38;2;214;20;234m=[38;2;201;17;220mx[38;2;218;21;237mx[38;2;207;26;225mx[38;2;183;22;203m=[38;2;197;24;225m+[38;2;164;17;193m=[38;2;147;15;184m=[38;2;158;15;197m+[38;2;155;15;193m+[38;2;156;16;200m+[38;2;138;13;181m=[38;2;142;13;189m=[38;2;138;13;201m=[38;2;157;18;222mx[38;2;148;22;206m8[38;2;169;30;241m#[38;2;175;36;246m@[38;2;180;40;246m@[38;2;177;43;245m@[38;2;173;40;242m@[38;2;177;33;238m@[38;2;177;34;238m@[38;2;184;37;251m#[38;2;175;26;252m8[38;2;138;14;208m8[38;2;107;12;166m8[38;2;133;14;219mx[38;2;120;13;201mx[38;2;144;18;214m+[38;2;117;19;158m*[38;2;120;16;173m*[38;2;144;13;226m=[38;2;159;15;244mx[38;2;148;17;217mx[38;2;133;13;191mx[38;2;175;15;242mx[38;2;164;13;227m8[38;2;123;9;177m#[38;2;133;11;194mx[38;2;143;15;200m+[38;2;143;18;200m+[38;2;156;17;222m=[38;2;167;15;235mx[38;2;138;15;189m8[38;2;157;25;226m8[38;2;158;37;244m#[38;2;164;44;247m@[38;2;166;44;248m@[38;2;160;42;245m@[38;2;161;44;249m@[38;2;162;44;253m@[38;2;150;36;238m@[38;2;117;27;191m#[38;2;141;33;236mx[38;2;102;28;169m8[38;2;129;41;211m@[38;2;159;60;255m@[38;2;155;70;247m@[38;2;145;71;233m8[38;2;131;73;210m=[38;2;146;114;186m+       [0m
[0;1m                                   [38;2;65;123;127m:[38;2;78;150;151m*[38;2;45;161;168m*[38;2;25;211;227mx[38;2;22;221;241m8[38;2;18;178;197m#[38;2;25;197;227mx[38;2;38;190;238m:[38;2;48;100;159m.[38;2;31;56;114m:[38;2;45;48;149m*[38;2;65;61;194m=[38;2;57;50;160m8[38;2;73;61;197m8[38;2;89;61;217m8[38;2;87;45;207m8[38;2;80;30;188m8[38;2;80;24;178m8[38;2;86;21;173m8[38;2;125;21;229mx[38;2;135;17;231m=[38;2;153;15;247m+[38;2;150;14;237m=[38;2;129;11;181m8[38;2;144;11;191m8[38;2;137;10;179m8[38;2;151;11;189m8[38;2;182;13;217m8[38;2;183;14;208m#[38;2;173;13;197m8[38;2;154;11;175m8[38;2;158;12;173m8[38;2;192;15;210mx[38;2;227;19;246m+[38;2;218;19;227m=[38;2;209;16;218mx[38;2;175;11;183m8[38;2;205;11;210m8[38;2;188;12;192m8[38;2;231;17;234mx[38;2;236;18;237m=[38;2;177;15;177mx[38;2;152;15;154mx[38;2;194;22;195m*[38;2;161;22;161m*[38;2;217;31;222m:[38;2;172;24;171m:[38;2;174;25;185m:[38;2;108;10;116m*[38;2;229;195;225mx[38;2;252;252;255m#[38;2;138;90;126m*[38;2;125;66;126m*[38;2;117;20;136m:    [38;2;108;0;120m*[38;2;66;0;71m*[38;2;142;5;144m*[38;2;167;10;172m*[38;2;193;21;200m*[38;2;211;27;212m*[38;2;181;18;182m+[38;2;178;15;184m+[38;2;169;17;184m+[38;2;173;18;201m+[38;2;183;18;221m+[38;2;163;14;196m+[38;2;168;12;190m=[38;2;187;12;209mx[38;2;175;14;204m8[38;2;195;20;227m#[38;2;210;24;237m#[38;2;212;26;241m#[38;2;208;24;240m#[38;2;205;18;234m#[38;2;203;18;231m#[38;2;210;21;244m8[38;2;185;15;229m8[38;2;144;11;187m8[38;2;156;15;201mx[38;2;160;16;216m=[38;2;149;14;206m=[38;2;163;17;210m+[38;2;134;16;161m+[38;2;153;18;185m*[38;2;151;14;194m+[38;2;157;15;206m+[38;2;155;17;195m+[38;2;202;19;240m+[38;2;203;16;239mx[38;2;180;14;213m8[38;2;170;14;208mx[38;2;146;12;180m=[38;2;171;16;207m+[38;2;156;15;191m=[38;2;188;17;230m=[38;2;195;16;232mx[38;2;154;13;184m8[38;2;181;19;220m8[38;2;194;25;239m#[38;2;196;24;238m@[38;2;191;23;234m@[38;2;193;24;245m#[38;2;189;27;242m#[38;2;180;27;234m8[38;2;174;20;238mx[38;2;143;11;185mx[38;2;173;9;219m=[38;2;128;9;164m8[38;2;170;18;223m8[38;2;183;31;240m#[38;2;190;47;251m#[38;2;184;54;246m#[38;2;171;58;230m8[38;2;140;60;176m8[38;2;175;82;201m+[38;2;192;124;198m*     [0m
[0;1m                                   [38;2;126;175;183m.[38;2;66;153;160m=[38;2;41;197;209mx[38;2;21;182;196m8[38;2;22;212;236m8[38;2;17;183;216m8[38;2;21;185;232mx[38;2;27;130;180m*[38;2;31;74;117m:[38;2;31;57;133m*[38;2;58;60;188m=[38;2;64;55;166m8[38;2;82;65;202m8[38;2;92;65;225m8[38;2;106;56;233m8[38;2;107;42;223m8[38;2;102;30;208m8[38;2;98;24;198m8[38;2;95;18;182m#[38;2;109;13;190m8[38;2;101;10;162m8[38;2;152;13;219mx[38;2;184;16;247mx[38;2;186;13;222m8[38;2;205;13;232m8[38;2;196;12;218m8[38;2;212;13;229m8[38;2;216;12;226m#[38;2;228;14;235m8[38;2;174;11;185m#[38;2;161;10;177m8[38;2;162;11;178m8[38;2;199;14;213mx[38;2;224;18;233m+[38;2;198;17;206m=[38;2;193;16;201mx[38;2;161;12;168m8[38;2;146;9;156m8[38;2;179;13;189mx[38;2;198;18;207m+[38;2;165;16;177m*[38;2;161;16;167m*[38;2;177;20;174m*[38;2;174;22;168m: [38;2;147;30;182m.[38;2;68;39;198m.[38;2;40;16;147m:[38;2;52;19;134m*[38;2;145;130;181m8[38;2;180;167;208m#[38;2;106;77;146m=[38;2;91;55;150m+[38;2;50;11;125m*[38;2;35;7;146m.[38;2;16;17;81m.[38;2;14;17;80m. [38;2;154;179;161m*[38;2;216;232;210mx[38;2;141;123;133m+[38;2;150;94;150m*[38;2;172;34;183m:[38;2;173;24;178m:[38;2;144;22;143m*[38;2;166;16;169m*[38;2;147;16;156m+[38;2;159;17;174m+[38;2;177;16;197m+[38;2;196;17;217m+[38;2;194;18;207m=[38;2;229;20;239m=[38;2;160;11;169m8[38;2;179;10;189m#[38;2;223;13;230m8[38;2;233;15;242m8[38;2;232;16;242m8[38;2;221;12;232m8[38;2;222;11;232m8[38;2;217;12;227m8[38;2;172;11;191m#[38;2;145;11;169m8[38;2;207;18;241m=[38;2;200;16;237m=[38;2;190;14;226m=[38;2;161;16;189m+[38;2;136;16;158m+[38;2;148;19;168m*[38;2;140;20;158m*[38;2;138;17;157m*[38;2;158;16;176m+[38;2;179;16;196mx[38;2;219;17;244mx[38;2;159;10;181m8[38;2;174;13;194m=[38;2;171;17;192m*[38;2;148;14;171m+[38;2;182;16;213m+[38;2;177;14;202mx[38;2;154;11;170m8[38;2;167;11;183m8[38;2;196;13;213m8[38;2;214;16;231m#[38;2;220;14;231m@[38;2;217;12;231m#[38;2;202;11;225m8[38;2;178;13;200m#[38;2;153;13;171m8[38;2;165;10;183m*[38;2;197;15;215m+[38;2;195;17;218mx[38;2;176;15;201m8[38;2;176;15;199m@[38;2;200;16;223m#[38;2;209;19;233m#[38;2;215;30;243m@[38;2;232;46;255m@[38;2;208;49;232m#[38;2;181;63;197m8[38;2;194;103;202mx[38;2;165;116;168m+[38;2;187;147;192m.   [0m
[0;1m                                   [38;2;91;206;223m:[38;2;52;184;203mx[38;2;27;174;192m@[38;2;22;210;234m#[38;2;23;212;249m8[38;2;24;148;203m8[38;2;29;130;204mx[38;2;31;91;170m+[38;2;46;83;190m*[38;2;66;81;208m=[38;2;67;57;171m8[38;2;84;57;195m#[38;2;108;67;240m8[38;2;109;64;237m#[38;2;124;49;250m8[38;2;124;35;238m8[38;2;123;29;227m8[38;2;120;23;218m8[38;2;126;17;214m8[38;2;138;12;208m8[38;2;142;11;196m8[38;2;159;12;198m8[38;2;190;14;219m8[38;2;230;12;246m8[38;2;229;12;236m#[38;2;229;15;235m#[38;2;232;16;238m#[38;2;228;15;234m#[38;2;209;11;217m8[38;2;154;9;163m8[38;2;206;15;222m=[38;2;214;15;233m=[38;2;220;16;234m=[38;2;209;17;216m=[38;2;215;17;221m=[38;2;209;16;217mx[38;2;176;12;185m8[38;2;185;13;192m8[38;2;174;12;178m8[38;2;218;16;219mx[38;2;191;15;195m=[38;2;182;18;186m+[38;2;154;18;153m+[38;2;104;13;101m: [38;2;32;8;110m.[38;2;60;14;149m+[38;2;65;11;162m=[38;2;89;23;200m+[38;2;63;17;135mx[38;2;51;15;106mx[38;2;82;39;151m*[38;2;97;25;201m:[38;2;86;13;182m:[38;2;57;11;113m:[38;2;90;21;164m:[38;2;84;15;155m*[38;2;77;7;145m*[38;2;207;179;238mx[38;2;252;252;255m#[38;2;131;116;153m8[38;2;180;103;201mx[38;2;173;34;185m=[38;2;133;16;144m:[38;2;88;40;83m.[38;2;108;20;110m:[38;2;121;19;137m*[38;2;135;18;151m+[38;2;158;17;173m+[38;2;205;19;221m+[38;2;203;19;215m=[38;2;187;17;194mx[38;2;198;17;209mx[38;2;162;11;168m8[38;2;195;12;198m8[38;2;192;13;198m#[38;2;217;16;225m8[38;2;220;12;228m8[38;2;230;13;237m8[38;2;227;15;233m8[38;2;172;12;182m8[38;2;201;15;223mx[38;2;221;17;247mx[38;2;157;11;178m8[38;2;206;13;236mx[38;2;172;16;188m+[38;2;178;19;192m*[38;2;161;19;178m*[38;2;135;19;155m*[38;2;138;16;165m+[38;2;161;13;182mx[38;2;214;16;229mx[38;2;209;16;225mx[38;2;192;15;215m=[38;2;171;15;189m+[38;2;184;17;201m*[38;2;163;14;182m+[38;2;196;16;227m+[38;2;193;13;219mx[38;2;159;9;170m#[38;2;183;12;192m8[38;2;205;14;213m8[38;2;213;16;222m#[38;2;227;16;233m#[38;2;202;12;209m#[38;2;178;11;188m8[38;2;154;11;163m8[38;2;173;15;182mx[38;2;174;20;184m*[38;2;166;16;176m=[38;2;187;15;198m=[38;2;166;11;177m=[38;2;137;0;153m=[38;2;172;0;189m=[38;2;195;19;203mx[38;2;219;19;227mx[38;2;188;20;197m8[38;2;230;40;237m#[38;2;211;40;216m#[38;2;159;34;161m8[38;2;192;105;195mx[38;2;159;125;163m*   [0m
[0;1m                                 [38;2;92;178;186m+[38;2;69;185;197mx[38;2;43;191;219mx[38;2;22;154;185m8[38;2;23;189;229m8[38;2;23;187;232m#[38;2;25;177;236m8[38;2;43;127;219mx[38;2;65;98;232m+[38;2;68;79;216m=[38;2;76;72;227mx[38;2;78;60;196m8[38;2;92;57;203m#[38;2;104;51;230m8[38;2;114;54;245m8[38;2;117;58;239m#[38;2;133;44;247m8[38;2;129;27;230m8[38;2;128;19;220m8[38;2;138;16;221m8[38;2;160;16;227m8[38;2;180;15;228m8[38;2;187;13;218m8[38;2;205;14;224m8[38;2;235;16;245m8[38;2;236;13;241m#[38;2;237;13;239m#[38;2;230;15;231m#[38;2;232;18;233m#[38;2;225;18;228m#[38;2;197;12;203m8[38;2;213;14;223mx[38;2;207;16;220m=[38;2;185;15;194mx[38;2;224;19;235m=[38;2;220;19;225m=[38;2;203;16;203mx[38;2;242;16;247mx[38;2;210;11;218m8[38;2;252;16;250m8[38;2;236;15;232m8[38;2;176;11;173m#[38;2;170;13;167mx[38;2;206;20;200m+[38;2;186;20;180m=[38;2;109;13;103m* [38;2;29;6;90m.[38;2;74;14;193m:[38;2;63;12;149m+[38;2;75;11;170m*[38;2;45;7;107m:     [38;2;54;14;123m.[38;2;42;1;113m:[38;2;69;32;127m*[38;2;99;64;150mx[38;2;91;66;135m8[38;2;95;64;134m8[38;2;159;41;186m8[38;2;184;21;199m#[38;2;190;16;214mx[38;2;189;19;225m:[38;2;90;18;97m:[38;2;85;22;95m:[38;2;207;40;225m.[38;2;110;15;112m*[38;2;183;17;196m*[38;2;186;18;195m+[38;2;176;18;181m=[38;2;213;19;224m+[38;2;215;18;222m=[38;2;215;17;216mx[38;2;158;11;164m8[38;2;171;12;181m8[38;2;197;11;205m8[38;2;201;12;208m8[38;2;192;13;197m8[38;2;224;17;235mx[38;2;219;15;235mx[38;2;163;11;174m#[38;2;164;11;178m8[38;2;142;10;155m8[38;2;206;18;217m=[38;2;192;18;203m+[38;2;170;16;182m*[38;2;182;19;196m:[38;2;146;12;161m=[38;2;202;15;220mx[38;2;213;15;224mx[38;2;180;14;189mx[38;2;161;18;169m+[38;2;165;16;170m+[38;2;197;17;204m+[38;2;202;17;211m=[38;2;204;16;216mx[38;2;169;11;178m8[38;2;184;11;188m8[38;2;171;13;176m8[38;2;176;15;183m8[38;2;194;16;204m8[38;2;193;13;203m8[38;2;168;10;178m8[38;2;196;14;209mx[38;2;184;17;196m=[38;2;203;23;218m*[38;2;171;20;185m*[38;2;161;22;174m*[38;2;129;23;141m*   [38;2;27;26;33m*[38;2;42;11;55m:[38;2;138;15;145m:[38;2;222;18;221mx[38;2;208;19;207m8[38;2;191;20;190m#[38;2;202;78;203mx[38;2;152;138;156m:   [0m
[0;1m                               [38;2;137;228;237m:[38;2;89;201;213m+[38;2;52;176;197mx[38;2;25;141;173m8[38;2;25;156;203m8[38;2;30;163;223m8[38;2;31;165;234m8[38;2;30;157;230m8[38;2;24;122;188m8[38;2;41;98;202m+[38;2;73;69;209m=[38;2;72;55;180m8[38;2;86;58;206m#[38;2;102;54;233m8[38;2;107;41;230m8[38;2;113;43;237m8[38;2;116;44;242m8[38;2;120;42;245m8[38;2;132;31;234m8[38;2;136;24;221m8[38;2;141;19;215m8[38;2;157;14;218m8[38;2;188;12;229m8[38;2;217;12;236m8[38;2;224;14;237m8[38;2;218;15;227m#[38;2;235;16;243m#[38;2;246;18;248m#[38;2;254;17;255m8[38;2;230;14;233m8[38;2;220;14;225m8[38;2;211;14;217m8[38;2;177;12;184m8[38;2;205;15;217mx[38;2;218;17;234m=[38;2;192;15;206mx[38;2;180;14;191mx[38;2;198;17;205m=[38;2;217;18;220m=[38;2;221;15;225mx[38;2;198;11;201m8[38;2;228;11;226m8[38;2;223;13;222m8[38;2;193;13;193m8[38;2;190;14;192mx[38;2;188;16;184m+[38;2;167;14;156m+[38;2;141;16;134m*[38;2;120;18;116m:  [38;2;56;13;91m.[38;2;67;15;117m:[38;2;74;21;127m.        [38;2;78;1;164m:[38;2;51;0;119m*[38;2;47;0;62m*[38;2;118;5;126m8[38;2;200;12;217m8[38;2;186;13;215m#[38;2;160;13;193mx[38;2;82;11;94m*[38;2;71;15;75m. [38;2;155;31;125m.[38;2;131;20;139m:[38;2;132;18;141m*[38;2;172;21;179m*[38;2;189;19;199m*[38;2;180;16;187m+[38;2;182;15;185m=[38;2;193;14;203m=[38;2;177;11;191mx[38;2;214;13;226mx[38;2;221;15;227mx[38;2;159;11;159m8[38;2;171;11;174m#[38;2;185;12;193m8[38;2;154;9;163m8[38;2;238;16;254m=[38;2;194;15;205mx[38;2;227;21;232mx[38;2;181;18;187m=[38;2;193;24;208m:[38;2;156;19;171m:[38;2;186;15;191m=[38;2;222;17;225mx[38;2;196;18;197m=[38;2;186;18;189m+[38;2;176;17;182m+[38;2;184;13;189m=[38;2;208;16;211m=[38;2;146;13;147m8[38;2;185;16;188m#[38;2;226;17;230m8[38;2;185;12;188m8[38;2;204;17;213mx[38;2;175;14;186mx[38;2;219;15;234m=[38;2;191;17;202mx[38;2;187;19;200m=[38;2;187;20;205m*[38;2;131;15;146m+[38;2;137;15;152m*[38;2;124;15;147m:[38;2;95;19;139m:[38;2;77;30;123m*[38;2;59;12;97m=[38;2;223;207;238m8[38;2;252;252;255m#[38;2;58;21;71m8[38;2;141;21;165m*[38;2;211;27;202m:[38;2;182;18;172m*[38;2;209;25;204m=[38;2;158;23;158m8[38;2;155;64;155mx[38;2;175;201;171m.   [0m
[0;1m                               [38;2;78;174;198m*[38;2;58;192;228m=[38;2;32;140;178m8[38;2;39;170;238m8[38;2;50;163;247m8[38;2;55;143;233m8[38;2;53;135;233m8[38;2;42;100;188m8[38;2;47;85;202m+[38;2;63;64;199m+[38;2;63;43;162m8[38;2;88;53;215m8[38;2;99;54;238m8[38;2;111;52;243m8[38;2;122;46;237m8[38;2;120;34;230m8[38;2;121;29;229m8[38;2;127;31;235m8[38;2;142;24;231m8[38;2;144;17;212m8[38;2;146;12;196m8[38;2;163;11;203m8[38;2;197;11;224m8[38;2;226;12;236m8[38;2;228;14;233m8[38;2;242;16;243m8[38;2;244;17;246m#[38;2;251;18;250m#[38;2;238;16;237m#[38;2;216;13;218m#[38;2;218;13;221m8[38;2;200;13;203m8[38;2;168;10;173m8[38;2;215;16;223mx[38;2;209;17;216mx[38;2;226;16;230mx[38;2;242;16;248m=[38;2;201;16;207m=[38;2;202;18;205m=[38;2;190;15;193mx[38;2;168;10;170m8[38;2;212;10;211m8[38;2;215;12;217m8[38;2;196;11;201m8[38;2;168;11;170m8[38;2;225;16;220m+[38;2;203;19;195m*[38;2;188;20;189m=[38;2;179;20;182m+[38;2;134;19;138m:[38;2;113;16;119m.       [38;2;56;11;93m.[38;2;75;13;120m:[38;2;78;11;121m*[38;2;94;13;144m*[38;2;88;12;132m*[38;2;109;12;143m*[38;2;200;15;229m+[38;2;167;12;178m8[38;2;203;15;215m8[38;2;181;15;205m8[38;2;145;14;175mx[38;2;83;11;110m*[38;2;67;11;105m:[38;2;96;14;127m:[38;2;159;25;186m:[38;2;114;25;133m*[38;2;150;26;164m*[38;2;173;23;181m*[38;2;134;17;133m*[38;2;131;16;126m*[38;2;181;19;179m*[38;2;168;16;174m+[38;2;200;17;211m+[38;2;184;13;192mx[38;2;178;12;176m8[38;2;217;15;211m8[38;2;228;16;226m8[38;2;181;13;183m8[38;2;187;15;189mx[38;2;203;14;209mx[38;2;172;11;175m8[38;2;191;12;190m8[38;2;190;14;187mx[38;2;190;20;189m*[38;2;160;21;168m*[38;2;205;24;211m=[38;2;213;23;213mx[38;2;168;18;165m=[38;2;163;16;160m+[38;2;169;15;169m=[38;2;152;11;154m8[38;2;190;14;191m8[38;2;215;17;214m8[38;2;240;19;239m8[38;2;222;17;222m#[38;2;204;13;203m8[38;2;221;17;227mx[38;2;218;20;227m+[38;2;194;19;200m*[38;2;178;16;178m+[38;2;155;14;157m+[38;2;111;14;114m*[38;2;134;22;138m.  [38;2;69;11;145m:[38;2;77;14;175m*[38;2;83;26;182m=[38;2;126;71;197m8[38;2;133;81;197m8[38;2;108;46;171m=[38;2;164;13;187m+[38;2;214;18;202mx[38;2;202;23;189m+[38;2;184;48;173m*[38;2;191;87;181m*[38;2;111;60;106m:    [0m
[0;1m                             [38;2;58;91;105m:[38;2;94;180;225m=[38;2;49;143;207mx[38;2;50;134;207m8[38;2;61;147;234m#[38;2;67;149;250m#[38;2;71;132;252m8[38;2;66;100;224m8[38;2;59;81;201m8[38;2;51;61;168m8[38;2;74;64;202mx[38;2;81;52;182m8[38;2;101;51;215m8[38;2;111;46;236m8[38;2;115;44;248m8[38;2;121;42;244m8[38;2;125;34;229m8[38;2;123;25;218m8[38;2;128;20;217m8[38;2;137;20;223m8[38;2;156;15;225m8[38;2;176;13;222m8[38;2;194;14;221m8[38;2;210;15;228m8[38;2;229;15;241m8[38;2;225;13;230m#[38;2;245;14;244m8[38;2;231;13;227m#[38;2;224;12;220m@[38;2;231;13;226m@[38;2;250;16;244m#[38;2;246;18;240m#[38;2;244;19;238m#[38;2;231;17;229m#[38;2;211;13;211m8[38;2;173;12;172m8[38;2;210;15;211mx[38;2;199;14;203mx[38;2;218;17;228m=[38;2;207;19;213m=[38;2;226;20;223m=[38;2;217;18;218mx[38;2;184;13;190m8[38;2;225;14;224m8[38;2;220;13;218m8[38;2;209;13;210m8[38;2;221;14;222m8[38;2;183;13;183m8[38;2;183;15;185m=[38;2;178;17;179m*[38;2;174;17;177m*[38;2;191;17;197m+[38;2;187;20;195m*[38;2;168;21;174m:[38;2;120;14;117m.[38;2;48;5;48m.[38;2;20;2;17m. [38;2;112;13;162m:[38;2;109;13;155m*[38;2;113;17;157m*[38;2;143;21;203m:[38;2;121;17;169m:[38;2;175;20;220m:[38;2;148;11;175mx[38;2;168;11;192m8[38;2;184;12;200m8[38;2;218;16;234mx[38;2;175;16;188m=[38;2;132;13;148m+[38;2;167;24;184m:[38;2;212;28;240m:[38;2;155;15;185m=[38;2;162;15;195m=[38;2;163;18;193m*[38;2;120;16;133m*[38;2;156;23;161m:[38;2;119;16;118m*[38;2;168;19;169m*[38;2;196;17;191m+[38;2;208;16;201m=[38;2;199;17;199mx[38;2;165;13;167m8[38;2;211;12;210m8[38;2;233;15;226m8[38;2;212;15;202m#[38;2;248;18;241mx[38;2;209;15;205mx[38;2;181;14;173m8[38;2;217;22;206m8[38;2;230;25;217m#[38;2;235;20;221m#[38;2;201;16;189m8[38;2;202;18;191mx[38;2;183;19;177m+[38;2;180;20;180m+[38;2;190;19;187m=[38;2;194;18;184m=[38;2;201;17;192mx[38;2;184;15;178m8[38;2;221;22;206m#[38;2;242;26;222m#[38;2;248;28;230m#[38;2;239;28;224m@[38;2;242;25;229m@[38;2;234;20;224m#[38;2;189;15;186m8[38;2;211;16;211mx[38;2;187;14;186mx[38;2;223;19;224m+[38;2;177;16;180m*[38;2;172;16;176m.    [38;2;42;5;92m.[38;2;46;11;109m:[38;2;63;11;150m=[38;2;72;16;172m=[38;2;93;22;162m*[38;2;153;15;166mx[38;2;196;18;196m8[38;2;211;37;211m=[38;2;170;78;170m+      [0m
[0;1m                           [38;2;134;174;218m.[38;2;107;144;198m*[38;2;77;140;217m+[38;2;68;142;236mx[38;2;56;111;203m8[38;2;60;115;222m#[38;2;63;110;227m@[38;2;71;113;247m#[38;2;85;102;250m8[38;2;84;74;219m8[38;2;67;50;182m8[38;2;84;49;228mx[38;2;70;34;168m8[38;2;97;35;196m8[38;2;116;35;221m8[38;2;126;35;238m8[38;2;126;31;242m8[38;2;125;24;233m8[38;2;114;16;197m#[38;2;116;14;187m8[38;2;150;16;231mx[38;2;148;15;216mx[38;2;146;11;188m8[38;2;160;10;186m#[38;2;191;12;207m8[38;2;211;15;223m8[38;2;231;15;240m8[38;2;244;12;243m8[38;2;239;14;236m8[38;2;228;14;223m#[38;2;229;13;223m@[38;2;238;18;230m@[38;2;232;18;224m@[38;2;240;17;231m#[38;2;239;18;233m#[38;2;238;17;234m#[38;2;237;14;232m8[38;2;204;13;202m8[38;2;179;12;178m8[38;2;167;10;169m8[38;2;213;15;218mx[38;2;223;19;223m=[38;2;219;20;212m=[38;2;211;18;208mx[38;2;190;12;192m8[38;2;230;13;226m8[38;2;205;11;200m8[38;2;184;10;181m8[38;2;202;12;201m8[38;2;204;12;203m8[38;2;161;11;161m8[38;2;194;16;194m=[38;2;159;16;157m+[38;2;156;21;152m*[38;2;150;17;143m*[38;2;163;15;162m*[38;2;168;15;175m*[38;2;143;16;154m+[38;2;144;20;155m*[38;2;123;17;126m:[38;2;100;13;116m:[38;2;84;10;107m:[38;2;91;13;113m:[38;2;132;18;158m:[38;2;189;22;214m:[38;2;175;18;192m*[38;2;183;18;202m=[38;2;173;16;192mx[38;2;142;13;152m=[38;2;134;15;141m+[38;2;157;20;165m*[38;2;195;20;209m*[38;2;184;19;197m*[38;2;165;19;178m*[38;2;154;17;166m+[38;2;142;16;151m=[38;2;170;20;175m+[38;2;170;17;166m+[38;2;177;18;171m+[38;2;205;20;197m+[38;2;196;16;188mx[38;2;167;12;157m8[38;2;185;14;169m8[38;2;200;18;185m8[38;2;210;19;196m8[38;2;209;13;196m8[38;2;204;14;183m8[38;2;200;17;172m8[38;2;195;18;166m8[38;2;207;22;177m8[38;2;234;32;200m8[38;2;236;44;197m#[38;2;253;52;205m#[38;2;240;38;191m@[38;2;235;36;190m#[38;2;212;32;175m8[38;2;156;19;132m8[38;2;177;15;159mx[38;2;225;21;206m=[38;2;228;27;199mx[38;2;199;27;170m8[38;2;226;33;191m#[38;2;236;37;194m@[38;2;243;44;198m@[38;2;246;48;202m@[38;2;252;45;213m@[38;2;244;35;216m@[38;2;226;23;208m#[38;2;204;18;191m8[38;2;184;14;178m8[38;2;185;14;184m8[38;2;168;13;169m8[38;2;194;15;195m=[38;2;144;13;145m:[38;2;24;7;35m.[38;2;103;15;148m.[38;2;91;14;135m:[38;2;95;13;145m:[38;2;99;13;174m:[38;2;64;7;139m*[38;2;75;7;141m:[38;2;84;9;108m:[38;2;120;17;136m*[38;2;175;21;175mx[38;2;185;23;181m#[38;2;211;57;207m=       [0m
[0;1m                          [38;2;122;117;177m:[38;2;142;145;235m*[38;2;77;96;177mx[38;2;59;86;175m8[38;2;71;102;218m8[38;2;86;108;239m8[38;2;82;96;234m#[38;2;83;89;240m#[38;2;84;84;240m#[38;2;95;67;241m8[38;2;88;40;199m8[38;2;77;28;163m8[38;2;86;29;173m8[38;2;111;37;215m8[38;2;116;25;217m8[38;2;122;21;221m8[38;2;125;20;223m8[38;2;125;18;221m8[38;2;113;13;193m8[38;2;138;13;222mx[38;2;128;12;187mx[38;2;161;14;221m+[38;2;153;12;200m+[38;2;173;12;210mx[38;2;221;16;248mx[38;2;172;12;183m8[38;2;173;11;183m#[38;2;208;11;216m8[38;2;228;11;225m8[38;2;231;14;228m8[38;2;241;15;238m8[38;2;238;15;235m#[38;2;222;13;217m@[38;2;229;13;222m#[38;2;240;13;234m8[38;2;243;14;238m8[38;2;225;13;221m#[38;2;202;12;202m#[38;2;176;11;175m#[38;2;250;16;250mx[38;2;172;10;174m8[38;2;211;14;215mx[38;2;240;20;240m+[38;2;209;19;204m=[38;2;212;16;208mx[38;2;180;11;178m#[38;2;232;15;222m8[38;2;216;14;208m8[38;2;190;12;186m8[38;2;173;10;170m8[38;2;167;10;164m8[38;2;234;17;230mx[38;2;209;16;206mx[38;2;217;17;216m=[38;2;210;16;211m+[38;2;216;17;210m*[38;2;188;16;185m*[38;2;166;15;172m*[38;2;136;14;145m+[38;2;145;16;152m+[38;2;180;18;182m*[38;2;187;17;189m*[38;2;156;14;160m+[38;2;180;17;187m*[38;2;177;17;186m*[38;2;160;16;166m+[38;2;177;19;183m+[38;2;185;21;189m+[38;2;190;23;190m*[38;2;172;22;164m:[38;2;118;15;113m*[38;2;156;18;155m*[38;2;174;18;180m+[38;2;203;18;208m+[38;2;193;17;194m+[38;2;198;20;198m*[38;2;178;20;180m*[38;2;192;20;193m*[38;2;206;18;199m+[38;2;204;17;189mx[38;2;180;15;163m8[38;2;206;16;186m8[38;2;204;17;183m#[38;2;221;20;195m8[38;2;202;19;176m8[38;2;181;16;156m8[38;2;181;18;152m8[38;2;203;30;160m8[38;2;228;40;172m8[38;2;227;37;167m#[38;2;239;39;177m#[38;2;246;51;184m#[38;2;235;60;169m@[38;2;242;71;168m@[38;2;248;73;175m@[38;2;245;75;177m@[38;2;254;77;186m#[38;2;219;62;160m@[38;2;201;44;149m#[38;2;178;27;138m8[38;2;173;28;134m8[38;2;207;43;158m8[38;2;245;60;183m#[38;2;245;64;179m@[38;2;245;68;178m@[38;2;247;73;180m@[38;2;254;76;189m@[38;2;247;66;190m@[38;2;229;44;184m#[38;2;204;26;175m8[38;2;188;15;172m8[38;2;193;15;187m8[38;2;178;13;175m#[38;2;207;15;204mx[38;2;178;17;179m*[38;2;133;19;148m:[38;2;119;18;157m:[38;2;88;13;132m*[38;2;69;10;110m+[38;2;87;13;151m*[38;2;107;14;191m*[38;2;113;16;187m*[38;2;136;19;164m=[38;2;133;18;136m8[38;2;227;32;221mx[38;2;212;39;205mx[38;2;156;67;152m=       [0m
[0;1m                         [38;2;150;127;233m.[38;2;127;116;202m+[38;2;116;105;217m=[38;2;86;80;209mx[38;2;80;81;200m#[38;2;102;101;247m#[38;2;103;86;248m8[38;2;103;72;235m#[38;2;109;66;239m#[38;2;102;56;231m#[38;2;102;38;225m8[38;2;99;22;195m8[38;2;102;22;184m8[38;2;115;26;205m8[38;2;128;27;233m8[38;2;125;18;220m8[38;2;125;14;213m8[38;2;115;11;191m#[38;2;115;11;187m8[38;2;140;14;220mx[38;2;169;17;243m+[38;2;163;16;211m+[38;2;169;15;208m+[38;2;151;13;185m=[38;2;177;13;206m=[38;2;212;16;231m=[38;2;210;15;220mx[38;2;169;11;177m8[38;2;200;12;206m8[38;2;223;15;225m8[38;2;221;14;219m8[38;2;224;13;223m8[38;2;236;14;237m8[38;2;244;12;244m8[38;2;234;10;233m8[38;2;194;9;194m#[38;2;193;10;194m8[38;2;181;10;183m8[38;2;235;15;241mx[38;2;218;14;219mx[38;2;223;14;220mx[38;2;175;10;174m8[38;2;225;14;224mx[38;2;221;18;218m=[38;2;221;18;219m=[38;2;201;15;200mx[38;2;176;11;172m8[38;2;235;15;221m8[38;2;243;18;230m8[38;2;228;17;218m8[38;2;203;13;196m8[38;2;237;15;230mx[38;2;228;19;221m=[38;2;215;19;210m=[38;2;222;17;222m=[38;2;199;13;205mx[38;2;191;14;192mx[38;2;231;21;228m+[38;2;189;19;187m+[38;2;190;18;191m*[38;2;182;15;182m*[38;2;205;17;199m*[38;2;190;18;187m+[38;2;179;17;181m=[38;2;193;16;197m=[38;2;200;16;202m+[38;2;186;18;185m+[38;2;202;21;202m+[38;2;202;19;202m=[38;2;215;18;213m=[38;2;211;17;205m+[38;2;204;16;201m+[38;2;197;16;196m+[38;2;202;20;204m*[38;2;206;20;202m*[38;2;214;18;204m+[38;2;186;14;178mx[38;2;205;14;197mx[38;2;210;15;202mx[38;2;230;17;212mx[38;2;188;14;166m8[38;2;193;14;168m#[38;2;200;13;172m8[38;2;186;14;158m8[38;2;185;20;153m8[38;2;183;25;143m8[38;2;193;34;144m8[38;2;213;48;152m#[38;2;239;60;166m#[38;2;237;64;162m@[38;2;241;68;161m@[38;2;243;72;163m@[38;2;248;78;168m@[38;2;250;86;165m@[38;2;252;93;163m@[38;2;254;95;164m@[38;2;255;99;167m@[38;2;255;104;170m@[38;2;255;108;172m@[38;2;247;103;167m@[38;2;236;95;162m#[38;2;205;74;139m#[38;2;205;62;138m8[38;2;215;56;146m8[38;2;252;94;170m#[38;2;255;113;177m@[38;2;255;120;179m@[38;2;255;119;175m@[38;2;254;112;174m@[38;2;239;91;169m@[38;2;226;60;170m8[38;2;185;23;155m8[38;2;175;10;162m8[38;2;186;11;177m8[38;2;160;12;153m8[38;2;194;17;190m=[38;2;164;20;169m+[38;2;127;17;140m+[38;2;130;14;148m*[38;2;105;13;121m*[38;2;93;13;117m*[38;2;114;14;154m*[38;2;170;15;210m=[38;2;159;15;176m8[38;2;162;16;164m@[38;2;175;30;172m8[38;2;217;95;210m+        [0m
[0;1m                         [38;2;127;87;176m+[38;2;156;70;233m+[38;2;120;49;209mx[38;2;107;57;202m8[38;2;125;72;249m8[38;2;123;71;252m#[38;2;126;56;250m8[38;2;120;43;228m#[38;2;121;35;226m#[38;2;121;27;232m8[38;2;113;20;206m8[38;2;122;20;201m8[38;2;138;22;221m8[38;2;149;19;235m8[38;2;152;13;237m8[38;2;147;12;215m8[38;2;138;11;196m8[38;2;122;11;172m8[38;2;136;13;198mx[38;2;144;14;206m=[38;2;161;16;207m=[38;2;171;16;203m=[38;2;209;19;241m+[38;2;184;18;217m=[38;2;191;17;214m=[38;2;199;16;212m=[38;2;222;16;232m=[38;2;227;15;235mx[38;2;180;12;185m#[38;2;219;14;223m8[38;2;213;12;214m8[38;2;212;12;213m8[38;2;219;12;220m8[38;2;215;14;217m8[38;2;190;12;192m8[38;2;159;9;161m8[38;2;147;10;151m8[38;2;223;14;232mx[38;2;239;13;241mx[38;2;237;15;236mx[38;2;245;16;242mx[38;2;184;10;181m8[38;2;232;15;228mx[38;2;228;18;223m=[38;2;219;18;216m=[38;2;219;19;218m=[38;2;219;16;215mx[38;2;222;12;209m8[38;2;242;18;226m8[38;2;244;20;230m8[38;2;228;18;219m#[38;2;214;15;207m8[38;2;233;17;222mx[38;2;197;17;188mx[38;2;182;16;179mx[38;2;187;15;192mx[38;2;194;16;197mx[38;2;202;17;199mx[38;2;248;22;241m=[38;2;202;17;201mx[38;2;190;14;194mx[38;2;212;15;209m=[38;2;192;16;187m=[38;2;185;17;181m=[38;2;202;16;203m=[38;2;205;16;204m=[38;2;206;18;202m=[38;2;215;21;210m=[38;2;193;17;191mx[38;2;231;18;230m=[38;2;199;16;191m=[38;2;214;16;205m=[38;2;231;17;224m=[38;2;191;15;187mx[38;2;176;14;170mx[38;2;186;14;173mx[38;2;224;16;208mx[38;2;184;11;172m8[38;2;189;11;177m#[38;2;183;13;165m#[38;2;188;14;163m8[38;2;181;15;149m8[38;2;176;19;135m8[38;2;182;28;130m8[38;2;201;42;138m8[38;2;212;54;143m#[38;2;242;68;162m#[38;2;249;74;161m@[38;2;253;78;160m@[38;2;253;82;158m@[38;2;254;90;160m@[38;2;255;97;162m@[38;2;255;101;162m@[38;2;255;106;161m@[38;2;255;109;159m@[38;2;255;105;155m@[38;2;254;110;159m@[38;2;254;117;161m@[38;2;253;125;161m@[38;2;255;137;167m@[38;2;255;139;172m@[38;2;245;122;160m@[38;2;234;103;151m#[38;2;211;80;136m#[38;2;255;99;170m8[38;2;245;106;164m#[38;2;250;122;167m#[38;2;251;133;170m@[38;2;255;148;184m@[38;2;255;142;181m@[38;2;251;119;180m#[38;2;214;76;160m#[38;2;188;35;152m8[38;2;173;16;157m8[38;2;232;18;219mx[38;2;244;20;233m=[38;2;218;21;215m=[38;2;211;22;214m+[38;2;192;17;188m*[38;2;197;18;188m*[38;2;228;20;220m*[38;2;173;14;170mx[38;2;174;13;164m8[38;2;186;14;175m8[38;2;155;19;150m8[38;2;178;48;174mx[38;2;197;124;189m:        [0m
[0;1m                         [38;2;169;60;210m*[38;2;162;27;211mx[38;2;136;18;190m8[38;2;154;30;230m8[38;2;150;34;239m#[38;2;139;33;228m@[38;2;147;31;229m#[38;2;147;22;232m8[38;2;133;12;214m8[38;2;117;10;187m8[38;2;126;10;182m8[38;2;154;13;205m8[38;2;178;15;233m8[38;2;183;14;233m#[38;2;190;15;237m#[38;2;187;14;225m8[38;2;156;11;184m8[38;2;161;13;190mx[38;2;155;15;191m+[38;2;135;14;170m+[38;2;167;16;195m+[38;2;188;17;207m=[38;2;205;18;226m=[38;2;202;17;232m=[38;2;183;16;204mx[38;2;190;16;201mx[38;2;194;15;200mx[38;2;211;14;219mx[38;2;169;9;175m8[38;2;186;9;189m8[38;2;182;10;185m8[38;2;180;10;184m8[38;2;186;11;189m8[38;2;162;11;168m8[38;2;202;15;208mx[38;2;237;18;240m=[38;2;217;17;223mx[38;2;178;11;182m8[38;2;193;10;193m8[38;2;177;12;177m8[38;2;164;12;164m8[38;2;161;10;163m8[38;2;203;15;205mx[38;2;209;19;209m=[38;2;209;18;206m=[38;2;218;19;216m=[38;2;208;16;207mx[38;2;179;11;174m8[38;2;205;14;195m8[38;2;228;17;217m8[38;2;231;20;223m#[38;2;231;18;221m#[38;2;207;13;194m#[38;2;184;14;172m#[38;2;180;14;171m8[38;2;241;17;238mx[38;2;213;17;214mx[38;2;206;16;202mx[38;2;211;15;202mx[38;2;218;16;217mx[38;2;155;11;160m8[38;2;222;14;227mx[38;2;215;16;219mx[38;2;206;16;209mx[38;2;194;16;201mx[38;2;188;14;189mx[38;2;186;15;180mx[38;2;186;17;177mx[38;2;185;17;178mx[38;2;178;14;173mx[38;2;173;13;160mx[38;2;193;14;175mx[38;2;218;15;200mx[38;2;168;11;160m8[38;2;167;11;160m8[38;2;220;16;206mx[38;2;248;20;225m=[38;2;213;15;191mx[38;2;164;10;147m8[38;2;168;16;142m8[38;2;177;31;138m8[38;2;195;47;138m8[38;2;229;61;151m8[38;2;244;67;155m#[38;2;245;72;154m@[38;2;252;80;158m@[38;2;251;86;159m@[38;2;249;87;155m@[38;2;252;90;157m@[38;2;255;94;158m@[38;2;254;92;155m@[38;2;254;94;153m@[38;2;254;102;154m@[38;2;254;106;154m@[38;2;255;108;154m@[38;2;255;110;155m@[38;2;255;120;162m@[38;2;255;126;164m@[38;2;255;123;162m@[38;2;254;119;162m@[38;2;253;120;165m@[38;2;255;125;170m@[38;2;255;130;176m@[38;2;255;129;182m@[38;2;251;95;178m#[38;2;229;66;162m8[38;2;216;64;152m8[38;2;223;89;162m#[38;2;237;117;177m@[38;2;252;136;189m@[38;2;255;146;195m@[38;2;253;137;188m@[38;2;230;104;172m#[38;2;193;47;162m8[38;2;158;15;145m8[38;2;214;18;201mx[38;2;221;17;214mx[38;2;211;17;207mx[38;2;172;13;165mx[38;2;215;18;204mx[38;2;254;20;240mx[38;2;191;14;178m8[38;2;178;17;164m8[38;2;200;35;184mx[38;2;157;50;147m=[38;2;132;67;126m:         [0m
[0;1m                       [38;2;158;61;169m=[38;2;167;59;191m=[38;2;167;33;206m=[38;2;129;14;158m8[38;2;151;13;182m#[38;2;186;16;227m8[38;2;202;20;253m8[38;2;187;20;238m#[38;2;188;17;236m8[38;2;173;13;218m8[38;2;140;10;177m#[38;2;160;13;198mx[38;2;183;14;216mx[38;2;181;13;206m8[38;2;217;16;239m8[38;2;216;14;236m#[38;2;210;12;230m#[38;2;199;11;213m8[38;2;165;9;177m8[38;2;213;14;232m=[38;2;164;14;180m+[38;2;138;14;151m*[38;2;158;16;169m*[38;2;193;15;203m+[38;2;205;15;219m=[38;2;183;13;201mx[38;2;186;15;200mx[38;2;228;18;235m=[38;2;232;17;237m=[38;2;194;13;206mx[38;2;205;14;220mx[38;2;208;17;215mx[38;2;211;16;215m=[38;2;196;15;203m=[38;2;189;14;202mx[38;2;212;16;229mx[38;2;231;16;242mx[38;2;234;16;239mx[38;2;217;14;225mx[38;2;204;13;217mx[38;2;195;15;205mx[38;2;205;17;210m=[38;2;237;19;241m+[38;2;233;18;244m=[38;2;203;16;211mx[38;2;192;15;194mx[38;2;220;16;218m=[38;2;214;15;214m=[38;2;183;13;185mx[38;2;204;15;203mx[38;2;164;11;159m8[38;2;191;12;183m8[38;2;218;16;210m8[38;2;238;16;227m8[38;2;224;14;208m#[38;2;239;18;220m8[38;2;235;18;217m8[38;2;228;15;214m8[38;2;181;13;175m#[38;2;245;18;235mx[38;2;211;14;199mx[38;2;174;13;170mx[38;2;211;17;218m+[38;2;185;14;188m=[38;2;204;16;205m=[38;2;221;16;221m=[38;2;224;14;226m=[38;2;200;13;191m=[38;2;197;17;180m=[38;2;227;22;209m=[38;2;233;19;219mx[38;2;166;11;158m#[38;2;164;10;154m8[38;2;165;11;151m8[38;2;162;12;146m8[38;2;200;15;183mx[38;2;212;18;194m=[38;2;192;25;162mx[38;2;224;39;172mx[38;2;238;48;174mx[38;2;167;36;118m8[38;2;193;43;128m8[38;2;241;75;157m8[38;2;243;90;156m@[38;2;255;96;157m@[38;2;255;93;153m@[38;2;255;93;154m@[38;2;250;92;152m@[38;2;245;95;152m@[38;2;248;102;158m@[38;2;252;106;162m@[38;2;255;106;163m@[38;2;255;99;158m@[38;2;255;96;158m@[38;2;255;100;162m@[38;2;255;101;160m@[38;2;255;98;158m@[38;2;255;92;160m@[38;2;255;100;168m@[38;2;254;102;174m@[38;2;255;95;177m@[38;2;255;88;181m@[38;2;255;88;185m@[38;2;255;92;186m@[38;2;255;96;191m@[38;2;255;99;197m@[38;2;255;104;206m@[38;2;240;81;197m@[38;2;238;56;204m8[38;2;190;26;171m8[38;2;195;35;172m8[38;2;233;76;191m#[38;2;231;100;187m@[38;2;247;129;200m@[38;2;255;148;212m@[38;2;238;101;199m#[38;2;200;52;173m8[38;2;166;30;148m8[38;2;230;24;214mx[38;2;164;16;153m#[38;2;200;22;183m8[38;2;204;22;189m8[38;2;184;22;172m8[38;2;197;32;183mx[38;2;186;55;178m*[38;2;156;82;152m*[38;2;169;91;160m:          [0m
[0;1m                       [38;2;200;57;206m+[38;2;193;46;207m=[38;2;200;18;222mx[38;2;160;12;170m8[38;2;188;15;196m8[38;2;219;16;231m8[38;2;224;17;239m#[38;2;230;16;247m#[38;2;232;14;243m8[38;2;220;13;232m8[38;2;202;12;216m8[38;2;216;15;234mx[38;2;199;14;216m=[38;2;223;14;232mx[38;2;203;13;207m#[38;2;228;15;232m#[38;2;227;16;234m#[38;2;220;13;225m8[38;2;191;11;194m8[38;2;221;15;225mx[38;2;202;17;210m+[38;2;163;17;169m*[38;2;156;17;155m*[38;2;176;17;179m*[38;2;181;16;191m+[38;2;186;16;201m=[38;2;211;18;221m=[38;2;216;18;221m=[38;2;213;16;219m=[38;2;214;15;226m=[38;2;225;18;242m=[38;2;191;17;202mx[38;2;199;17;205m=[38;2;212;18;218m+[38;2;202;16;214m=[38;2;210;17;219mx[38;2;221;16;224mx[38;2;199;14;200mx[38;2;180;14;185mx[38;2;212;17;227m=[38;2;215;17;232m=[38;2;196;17;202m=[38;2;194;17;196m=[38;2;218;17;223m=[38;2;220;18;226m=[38;2;212;18;212m=[38;2;215;18;206m=[38;2;215;17;208m=[38;2;225;18;226m=[38;2;157;10;153m8[38;2;218;16;205mx[38;2;215;16;198mx[38;2;163;10;151m8[38;2;206;12;193m8[38;2;245;17;227m8[38;2;230;20;210m#[38;2;235;20;213m#[38;2;235;17;213m#[38;2;222;14;206m8[38;2;192;12;176m8[38;2;170;12;153m8[38;2;151;11;143m8[38;2;241;17;238m=[38;2;231;18;216m=[38;2;192;18;175mx[38;2;200;19;183mx[38;2;154;11;145m8[38;2;173;10;161m8[38;2;193;15;174m8[38;2;206;21;183m8[38;2;204;19;180m8[38;2;173;12;154m8[38;2;220;17;194m=[38;2;212;21;181m=[38;2;187;25;153mx[38;2;187;32;146mx[38;2;147;30;106m8[38;2;191;49;130m8[38;2;241;75;158m8[38;2;252;87;161m#[38;2;242;88;150m@[38;2;243;84;146m@[38;2;251;91;150m@[38;2;255;99;153m@[38;2;255;104;153m@[38;2;255;109;156m@[38;2;255;113;159m@[38;2;255;111;160m@[38;2;255;107;160m@[38;2;255;101;159m@[38;2;255;102;162m@[38;2;255;103;167m@[38;2;255;100;170m@[38;2;255;95;173m@[38;2;255;94;176m@[38;2;255;92;177m@[38;2;255;85;180m@[38;2;255;67;187m@[38;2;242;56;187m@[38;2;234;49;191m@[38;2;237;47;203m@[38;2;245;49;218m@[38;2;244;51;220m@[38;2;236;51;212m@[38;2;239;51;217m@[38;2;249;51;230m@[38;2;244;48;231m@[38;2;246;49;237m#[38;2;250;47;246m8[38;2;246;37;245m8[38;2;223;26;227m8[38;2;178;17;185m8[38;2;174;27;170m8[38;2;211;72;193m8[38;2;236;114;209m@[38;2;255;142;228m@[38;2;254;128;220m#[38;2;224;82;189m8[38;2;183;41;158m8[38;2;195;32;175m8[38;2;231;43;207m8[38;2;209;44;189mx[38;2;177;58;165m+[38;2;172;92;167m+             [0m
[0;1m                      [38;2;210;77;204m+[38;2;169;59;163m+[38;2;180;43;181m+[38;2;142;12;146m8[38;2;208;13;209m#[38;2;236;16;233m#[38;2;230;15;227m#[38;2;240;17;239m#[38;2;245;17;244m#[38;2;244;13;241m8[38;2;230;13;226m8[38;2;209;12;208m8[38;2;244;15;246mx[38;2;231;15;230m+[38;2;199;13;192mx[38;2;196;12;191m#[38;2;242;15;239m8[38;2;224;14;221m#[38;2;215;13;206m8[38;2;199;13;188m8[38;2;182;12;173m8[38;2;201;15;195mx[38;2;174;15;172m=[38;2;193;17;191m*[38;2;141;14;140m*[38;2;135;13;137m*[38;2;167;16;174m*[38;2;177;16;182m+[38;2;199;17;200m+[38;2;210;18;210m+[38;2;221;18;223m+[38;2;198;16;202m=[38;2;193;17;197m=[38;2;197;19;201m+[38;2;195;19;201m+[38;2;217;23;228m+[38;2;224;21;232m+[38;2;189;16;192m+[38;2;185;18;187m*[38;2;163;17;165m+[38;2;206;20;208m+[38;2;230;19;233m+[38;2;211;19;211m+[38;2;197;18;195m+[38;2;200;17;201m+[38;2;180;15;184m=[38;2;197;16;195m=[38;2;228;18;211m=[38;2;226;18;208mx[38;2;185;16;171m8[38;2;194;15;171m8[38;2;189;15;162m8[38;2;188;16;160m8[38;2;197;14;171m8[38;2;203;15;180m8[38;2;192;17;167m8[38;2;175;15;149m8[38;2;176;14;149m8[38;2;190;14;165m8[38;2;202;13;179m8[38;2;208;15;180m8[38;2;193;16;161m#[38;2;203;16;173m8[38;2;190;12;166m8[38;2;186;14;157m8[38;2;197;22;163m8[38;2;207;25;170m8[38;2;206;17;173m8[38;2;168;12;142m#[38;2;165;14;137m8[38;2;232;26;187mx[38;2;230;27;183mx[38;2;216;25;171mx[38;2;188;27;141mx[38;2;156;32;107m8[38;2;199;51;128m8[38;2;247;77;157m8[38;2;249;82;154m#[38;2;240;80;145m@[38;2;251;87;150m@[38;2;255;90;150m@[38;2;252;92;148m@[38;2;251;97;148m@[38;2;255;108;155m@[38;2;255;114;158m@[38;2;255;112;158m@[38;2;255;107;157m@[38;2;254;105;158m@[38;2;255;104;160m@[38;2;254;99;163m@[38;2;251;86;162m@[38;2;254;85;171m@[38;2;255;84;182m@[38;2;245;73;182m@[38;2;237;63;186m@[38;2;241;60;198m@[38;2;242;59;205m@[38;2;243;57;214m@[38;2;241;45;226m@[38;2;249;37;243m8[38;2;222;27;226m8[38;2;215;25;226m8[38;2;212;21;230m8[38;2;194;15;216m8[38;2;173;16;193m8[38;2;178;20;199m8[38;2;202;27;225m8[38;2;203;25;232m8[38;2;193;24;222m8[38;2;187;25;217m8[38;2;194;25;228m8[38;2;197;22;235m8[38;2;180;17;218m8[38;2;155;14;189m8[38;2;149;20;176m8[38;2;172;41;188m8[38;2;231;92;226m#[38;2;248;114;231m@[38;2;240;111;220m@[38;2;229;98;206m@[38;2;207;72;183m8[38;2;204;44;178m+[38;2;185;89;172m+               [0m
[0;1m                       [38;2;193;61;188m+[38;2;181;43;179m=[38;2;203;17;204mx[38;2;221;12;217m8[38;2;233;15;225m#[38;2;251;19;241m8[38;2;249;21;240m#[38;2;236;19;228m@[38;2;232;15;223m#[38;2;224;16;212m#[38;2;226;17;215m8[38;2;187;12;183m8[38;2;179;11;176mx[38;2;223;15;211m+[38;2;232;14;220mx[38;2;198;11;190m#[38;2;230;13;221m#[38;2;236;15;221m8[38;2;230;17;210m8[38;2;225;17;204m8[38;2;210;14;199m8[38;2;248;16;238mx[38;2;218;16;200m=[38;2;191;16;182m+[38;2;183;18;180m*[38;2;152;18;149m*[38;2;179;20;171m*[38;2;163;17;158m+[38;2;138;14;137m+[38;2;168;17;166m:[38;2;184;18;182m:[38;2;147;14;147m+[38;2;154;16;155m*[38;2;137;15;138m*[38;2;194;20;195m:[38;2;176;18;173m*[38;2;174;19;173m*[38;2;145;16;146m*[38;2;164;18;166m*[38;2;192;20;191m*[38;2;186;19;180m*[38;2;171;17;170m*[38;2;182;17;186m*[38;2;180;15;184m+[38;2;202;18;208m=[38;2;240;22;236m=[38;2;222;20;204mx[38;2;184;16;165m8[38;2;221;21;196m8[38;2;223;27;189m#[38;2;239;31;198m8[38;2;219;29;181m#[38;2;229;29;192m#[38;2;231;30;194m#[38;2;232;32;191m8[38;2;210;30;169m8[38;2;198;24;159m8[38;2;194;15;160m8[38;2;173;16;144m8[38;2;231;22;191mx[38;2;223;20;182mx[38;2;218;17;186mx[38;2;221;15;194mx[38;2;233;19;197mx[38;2;249;25;205mx[38;2;172;19;139m8[38;2;219;21;175mx[38;2;208;23;160mx[38;2;215;35;159mx[38;2;165;37;116m8[38;2;199;53;135m8[38;2;229;64;151m8[38;2;233;71;145m8[38;2;226;79;139m@[38;2;244;92;151m@[38;2;255;96;157m@[38;2;255;93;154m@[38;2;255;95;154m@[38;2;255;103;159m@[38;2;255;104;158m@[38;2;252;99;155m@[38;2;243;96;149m@[38;2;241;99;148m@[38;2;242;102;151m@[38;2;248;102;162m@[38;2;254;97;169m@[38;2;255;94;171m@[38;2;255;100;181m@[38;2;254;101;189m@[38;2;248;86;190m@[38;2;253;81;201m@[38;2;255;75;213m@[38;2;247;64;220m@[38;2;239;48;229m#[38;2;227;31;230m8[38;2;210;26;224m8[38;2;198;25;223m8[38;2;185;21;224m8[38;2;171;18;216m8[38;2;163;17;215m8[38;2;160;18;217m8[38;2;140;15;198m#[38;2;127;12;189m8[38;2;144;13;220mx[38;2;137;15;213mx[38;2;156;21;245mx[38;2;151;18;240mx[38;2;137;16;214mx[38;2;131;16;202mx[38;2;138;19;220mx[38;2;153;20;247mx[38;2;157;20;253mx[38;2;144;23;236mx[38;2;139;19;226mx[38;2;150;17;231mx[38;2;138;27;181m8[38;2;150;38;180m#[38;2;198;66;219m8[38;2;241;98;244m#[38;2;240;98;240m8[38;2;169;49;196m=[38;2;192;111;205m+[38;2;34;36;29m.              [0m
[0;1m                      [38;2;173;101;163m*[38;2;182;76;176m=[38;2;172;41;165m=[38;2;195;16;183m=[38;2;233;13;215m=[38;2;190;18;173m8[38;2;228;26;207m#[38;2;241;27;216m@[38;2;249;28;222m@[38;2;246;29;220m#[38;2;242;25;215m#[38;2;230;20;204m#[38;2;197;12;179m#[38;2;220;12;203mx[38;2;216;15;197m+[38;2;199;15;182m=[38;2;171;11;159m8[38;2;231;13;216m8[38;2;230;15;208m8[38;2;239;19;209m8[38;2;248;20;215m8[38;2;224;15;200m#[38;2;220;15;198m8[38;2;189;16;166m8[38;2;164;13;145m8[38;2;201;15;185mx[38;2;196;16;194m=[38;2;209;17;199m=[38;2;200;17;189m=[38;2;196;18;190m+[38;2;164;14;161m+[38;2;189;17;185m*[38;2;181;19;175m*[38;2;120;14;119m*[38;2;110;14;107m:[38;2;135;21;119m.[38;2;140;19;129m:[38;2;181;26;171m:[38;2;174;24;167m:[38;2;146;16;142m*[38;2;170;19;166m*[38;2;136;19;130m*[38;2;141;19;138m*[38;2;161;19;161m*[38;2;194;20;196m*[38;2;212;19;211m+[38;2;240;20;229m=[38;2;164;14;150m8[38;2;170;15;151m#[38;2;220;24;190m8[38;2;240;37;194m#[38;2;247;45;196m#[38;2;250;50;195m#[38;2;242;47;186m@[38;2;247;47;189m@[38;2;241;48;183m@[38;2;249;53;185m#[38;2;241;50;180m#[38;2;234;43;175m#[38;2;206;34;151m#[38;2;205;34;146m8[38;2;194;33;138m8[38;2;179;27;132m8[38;2;247;35;188mx[38;2;180;30;132m8[38;2;191;38;137m8[38;2;199;45;139m8[38;2;202;52;136m8[38;2;214;55;135m8[38;2;236;69;145m8[38;2;222;77;138m@[38;2;239;93;150m@[38;2;250;102;156m@[38;2;252;103;154m@[38;2;255;110;159m@[38;2;255;111;161m@[38;2;255;105;161m@[38;2;252;96;156m@[38;2;247;95;155m@[38;2;252;102;161m@[38;2;255;105;168m@[38;2;254;102;172m@[38;2;242;90;162m@[38;2;238;87;159m@[38;2;236;87;162m@[38;2;234;81;168m@[38;2;242;74;177m#[38;2;237;68;177m#[38;2;251;78;202m#[38;2;247;80;213m@[38;2;251;72;227m@[38;2;254;69;235m@[38;2;253;66;242m@[38;2;248;60;247m@[38;2;222;44;237m@[38;2;214;30;250m8[38;2;174;18;227m8[38;2;140;11;204m8[38;2;119;12;189m8[38;2;108;11;177m8[38;2;130;14;223mx[38;2;114;15;210mx[38;2;100;15;190mx[38;2;93;18;182m=[38;2;85;21;182m+[38;2;84;22;204m*[38;2;80;18;211m*[38;2;73;18;185m=[38;2;71;19;194m=[38;2;63;18;193m=[38;2;58;20;198m=[38;2;58;27;192mx[38;2;51;28;156m8[38;2;51;28;150m8[38;2;55;31;157m8[38;2;89;49;248mx[38;2;66;30;170m8[38;2;65;23;159m8[38;2;84;29;168m8[38;2;140;50;206m8[38;2;196;70;248m8[38;2;199;70;243m8[38;2;138;62;167m8[38;2;153;90;184m*              [0m
[0;1m                      [38;2;152;87;143m*[38;2;121;66;115m*[38;2;186;81;170m+[38;2;184;47;161m+[38;2;233;25;196m:[38;2;188;23;154mx[38;2;211;32;172m#[38;2;238;41;194m@[38;2;255;47;206m@[38;2;238;42;191m@[38;2;250;38;203m#[38;2;240;30;196m#[38;2;218;18;182m#[38;2;177;11;151m8[38;2;246;21;214m+[38;2;198;21;175m=[38;2;213;21;192mx[38;2;197;14;178m8[38;2;214;15;181m8[38;2;235;21;193m8[38;2;231;25;188m#[38;2;227;21;188m#[38;2;240;23;202m8[38;2;233;25;194m8[38;2;192;17;159m#[38;2;169;12;145m#[38;2;161;11;150m8[38;2;235;16;223mx[38;2;216;16;201mx[38;2;195;15;182mx[38;2;234;18;227m=[38;2;204;16;199mx[38;2;194;18;181mx[38;2;209;19;194m+[38;2;207;18;194m*[38;2;200;16;194m*[38;2;226;20;213m*[38;2;184;20;172m*[38;2;181;24;176m:[38;2;220;27;218m:[38;2;181;21;178m*[38;2;171;24;162m:[38;2;161;25;151m:[38;2;114;16;109m*[38;2;142;18;135m*[38;2;198;19;182m*[38;2;219;18;196m+[38;2;187;17;165mx[38;2;215;19;189mx[38;2;185;20;157m8[38;2;224;36;174m#[38;2;236;47;178m#[38;2;244;57;179m#[38;2;246;62;176m@[38;2;255;65;182m@[38;2;252;65;178m@[38;2;249;67;173m@[38;2;249;72;174m@[38;2;251;77;177m@[38;2;241;61;164m@[38;2;236;56;157m@[38;2;232;57;154m@[38;2;237;54;157m#[38;2;225;50;148m#[38;2;226;60;148m#[38;2;236;73;153m#[38;2;247;84;158m#[38;2;239;81;147m@[38;2;245;86;145m@[38;2;255;102;154m@[38;2;255;118;164m@[38;2;255;122;163m@[38;2;255;116;158m@[38;2;254;110;155m@[38;2;255;109;155m@[38;2;255;106;155m@[38;2;249;94;155m@[38;2;224;74;144m#[38;2;218;69;142m8[38;2;227;78;151m#[38;2;239;90;167m@[38;2;255;101;188m@[38;2;255;93;187m@[38;2;255;96;191m@[38;2;253;97;198m@[38;2;242;84;202m@[38;2;246;72;213m#[38;2;239;65;211m#[38;2;228;62;209m@[38;2;244;64;233m#[38;2;213;40;216m#[38;2;230;49;238m#[38;2;230;56;243m@[38;2;215;45;240m@[38;2;197;33;242m#[38;2;178;28;246m8[38;2;141;18;225m8[38;2;108;12;197m8[38;2;88;12;166m8[38;2;110;15;219m=[38;2;85;12;192m*[38;2;64;11;182m:[38;2;44;11;142m:[38;2;31;13;104m*[38;2;41;21;150m*[38;2;45;27;193m*[38;2;42;29;196m+[38;2;56;42;194mx[38;2;44;36;152m8[38;2;44;40;162m8[38;2;47;48;176m8[38;2;53;58;193m8[38;2;56;60;187m#[38;2;56;61;184m#[38;2;57;63;189m#[38;2;58;67;198m#[38;2;68;71;214m8[38;2;61;63;201m8[38;2;45;44;168m#[38;2;50;33;170m8[38;2;98;39;192m8[38;2;162;62;221m#[38;2;135;49;187m#[38;2;119;56;159m8              [0m
[0;1m                        [38;2;137;87;130m:[38;2;197;82;172m*[38;2;195;42;164m*[38;2;203;34;157mx[38;2;210;44;158m#[38;2;254;60;191m#[38;2;253;61;190m@[38;2;242;53;179m@[38;2;254;52;190m#[38;2;244;44;186m#[38;2;243;28;192m8[38;2;192;14;157m8[38;2;215;19;181mx[38;2;246;26;206m=[38;2;222;22;188mx[38;2;178;14;152m8[38;2;204;19;164m8[38;2;230;28;179m8[38;2;230;33;177m#[38;2;234;34;184m#[38;2;235;34;187m#[38;2;249;38;195m8[38;2;229;31;178m8[38;2;211;23;168m8[38;2;194;15;162m8[38;2;241;16;214mx[38;2;215;16;194mx[38;2;209;17;188mx[38;2;215;15;201mx[38;2;168;11;157m8[38;2;187;15;167m8[38;2;177;16;153m8[38;2;252;22;218mx[38;2;180;13;161m8[38;2;186;13;165m8[38;2;225;18;197mx[38;2;169;14;151mx[38;2;164;13;154mx[38;2;170;13;162mx[38;2;166;12;149m=[38;2;205;17;182m*[38;2;194;17;172m*[38;2;169;15;155m+[38;2;184;16;165m+[38;2;182;15;158m+[38;2;221;19;191m*[38;2;210;17;183m+[38;2;229;21;195m=[38;2;188;26;147m8[38;2;218;42;161m8[38;2;245;59;172m8[38;2;239;66;165m@[38;2;255;74;175m@[38;2;253;74;172m@[38;2;251;75;169m@[38;2;252;79;169m@[38;2;255;83;173m@[38;2;244;69;160m@[38;2;235;62;152m@[38;2;231;61;150m@[38;2;247;62;160m#[38;2;238;56;154m#[38;2;227;57;148m#[38;2;232;71;150m#[38;2;241;84;153m#[38;2;234;85;145m@[38;2;244;95;150m@[38;2;253;112;158m@[38;2;254;123;161m@[38;2;252;123;162m@[38;2;253;117;162m@[38;2;251;106;156m@[38;2;247;98;152m@[38;2;243;91;151m@[38;2;252;86;165m#[38;2;212;63;146m#[38;2;210;60;152m8[38;2;222;70;167m#[38;2;254;86;197m#[38;2;245;83;194m@[38;2;229;70;178m#[38;2;237;80;191m#[38;2;241;91;208m@[38;2;248;91;230m@[38;2;248;85;239m@[38;2;247;80;240m@[38;2;238;72;238m@[38;2;231;61;243m#[38;2;197;37;227m8[38;2;191;39;228m#[38;2;188;42;230m@[38;2;169;31;233m#[38;2;137;17;224m8[38;2;110;14;206m8[38;2;89;10;192m8[38;2;71;9;169m8[38;2;87;15;203m=[38;2;69;14;166m*[38;2;49;13;133m:[38;2;57;27;196m.[38;2;41;18;159m:[38;2;33;14;135m+[38;2;47;26;206m*[38;2;44;30;198m=[38;2;49;40;220mx[38;2;46;42;173m8[38;2;45;46;165m8[38;2;43;47;160m8[38;2;49;56;181m8[38;2;59;65;204m8[38;2;65;70;207m8[38;2;64;73;203m8[38;2;62;72;201m8[38;2;61;69;200m8[38;2;71;75;210m8[38;2;66;69;206m8[38;2;50;54;188m8[38;2;40;45;174m8[38;2;42;38;162m8[38;2;66;36;164m8[38;2;109;43;194m8[38;2;112;45;173m#[38;2;158;94;213mx             [0m
[0;1m                        [38;2;60;36;52m:[38;2;176;67;143m+[38;2;211;48;165m=[38;2;183;40;136m8[38;2;238;62;173m#[38;2;247;66;178m@[38;2;252;66;180m@[38;2;246;64;175m@[38;2;243;62;175m@[38;2;253;58;185m#[38;2;247;38;185m8[38;2;187;18;147m#[38;2;165;15;134m8[38;2;218;21;173mx[38;2;228;21;180mx[38;2;181;16;143m8[38;2;204;27;154m8[38;2;231;39;170m8[38;2;235;44;171m#[38;2;245;48;180m#[38;2;245;47;180m#[38;2;240;45;176m#[38;2;235;43;173m#[38;2;248;39;185m8[38;2;234;26;180m8[38;2;168;12;134m#[38;2;224;17;184mx[38;2;219;20;185mx[38;2;233;17;203mx[38;2;180;11;156m8[38;2;196;15;163m8[38;2;208;20;165m8[38;2;219;22;171m8[38;2;230;23;181m8[38;2;230;23;182m8[38;2;218;22;172m8[38;2;189;19;149m#[38;2;182;16;149m#[38;2;180;14;151m#[38;2;177;15;148m#[38;2;181;17;150m8[38;2;246;23;205mx[38;2;237;18;201mx[38;2;208;16;175mx[38;2;207;18;173m=[38;2;182;16;156m=[38;2;199;16;171m+[38;2;187;15;157m=[38;2;193;18;154mx[38;2;173;31;127m8[38;2;221;53;153m8[38;2;252;68;170m#[38;2;255;74;173m@[38;2;253;76;170m@[38;2;249;74;163m@[38;2;248;71;161m@[38;2;250;67;163m@[38;2;252;62;163m#[38;2;232;54;150m#[38;2;235;53;152m8[38;2;225;46;148m8[38;2;203;34;137m8[38;2;174;25;117m8[38;2;178;35;119m8[38;2;194;50;129m8[38;2;218;66;147m8[38;2;245;83;162m8[38;2;238;91;153m@[38;2;255;110;164m@[38;2;255;118;170m@[38;2;255;118;173m@[38;2;252;108;167m@[38;2;239;97;160m@[38;2;247;93;168m#[38;2;240;79;170m#[38;2;240;77;180m#[38;2;252;84;199m#[38;2;249;83;206m@[38;2;255;81;220m@[38;2;238;66;211m@[38;2;207;47;187m8[38;2;218;56;203m8[38;2;234;71;224m#[38;2;239;72;244m#[38;2;223;67;235m#[38;2;232;71;246m8[38;2;214;62;241m#[38;2;199;55;240m@[38;2;193;54;247m@[38;2;179;46;244m@[38;2;171;41;253m#[38;2;145;34;250m8[38;2;105;22;214m8[38;2;82;13;184m8[38;2;67;10;171m8[38;2;53;9;150m8[38;2;61;15;183m+[38;2;60;16;185m:[38;2;29;11;111m:[38;2;22;11;100m*[38;2;31;12;148m+[38;2;35;16;187m+[38;2;34;26;192m+[38;2;33;32;196m=[38;2;33;35;193mx[38;2;49;50;230m+[38;2;43;44;195m*[38;2;37;42;220m:[38;2;29;37;238m:[38;2;42;46;225m*[38;2;52;55;208m=[38;2;47;53;217m=[38;2;42;49;222m=[38;2;42;47;223m=[38;2;38;37;143m8[38;2;56;56;210mx[38;2;54;57;242m=[38;2;45;47;208mx[38;2;46;52;241m=[38;2;45;44;217m=[38;2;78;37;169m8[38;2;105;45;182m8[38;2;112;52;170m8             [0m
[0;1m                      [38;2;115;92;107m.[38;2;215;148;188m=[38;2;204;111;167mx[38;2;242;86;178m=[38;2;219;56;144mx[38;2;208;57;137m8[38;2;249;74;169m#[38;2;253;77;174m@[38;2;254;77;174m@[38;2;248;71;167m@[38;2;247;70;167m@[38;2;242;64;165m@[38;2;240;49;164m#[38;2;210;33;148m8[38;2;161;24;119m8[38;2;206;33;153mx[38;2;220;33;163mx[38;2;181;23;133m8[38;2;203;33;143m8[38;2;237;50;163m8[38;2;246;58;167m#[38;2;234;54;159m@[38;2;233;51;159m@[38;2;254;56;173m#[38;2;254;57;174m#[38;2;250;51;172m#[38;2;238;41;167m#[38;2;227;27;163m8[38;2;190;20;137m8[38;2;160;18;117m8[38;2;217;20;168mx[38;2;241;20;192mx[38;2;188;17;146m8[38;2;195;19;145m8[38;2;214;25;156m8[38;2;238;33;175m8[38;2;234;35;172m#[38;2;247;38;178m8[38;2;235;35;166m8[38;2;239;33;169m8[38;2;243;31;173m8[38;2;231;28;166m8[38;2;215;30;155m8[38;2;208;28;152m8[38;2;215;22;158m8[38;2;210;23;155m8[38;2;173;23;128m#[38;2;165;22;122m8[38;2;218;25;164mx[38;2;212;20;163mx[38;2;207;24;154mx[38;2;205;33;144mx[38;2;171;37;116m8[38;2;218;55;148m#[38;2;242;66;164m@[38;2;245;69;163m@[38;2;241;68;157m@[38;2;241;67;156m@[38;2;244;65;159m@[38;2;239;59;157m#[38;2;228;52;150m8[38;2;197;40;132m8[38;2;242;36;167mx[38;2;232;21;165m=[38;2;188;20;136m=[38;2;203;32;150m=[38;2;226;40;168m=[38;2;241;38;177m=[38;2;168;35;120m8[38;2;202;65;143m#[38;2;251;100;177m#[38;2;255;106;181m@[38;2;255;101;181m@[38;2;255;98;181m@[38;2;255;103;186m@[38;2;248;99;188m@[38;2;236;76;187m#[38;2;228;59;191m8[38;2;233;65;203m8[38;2;234;71;210m#[38;2;228;68;212m@[38;2;229;64;221m@[38;2;248;77;245m#[38;2;234;74;237m@[38;2;228;69;240m@[38;2;197;45;230m@[38;2;168;29;212m#[38;2;160;34;207m8[38;2;170;48;240m8[38;2;161;52;238m@[38;2;160;52;248m@[38;2;155;54;252m@[38;2;147;53;249m@[38;2;128;44;238m@[38;2;115;33;236m8[38;2;84;19;189m8[38;2;68;14;174m8[38;2;81;18;233mx[38;2;67;16;214m=[38;2;52;15;176m+[38;2;53;19;202m:[38;2;23;9;115m:[38;2;26;10;144m:[38;2;28;15;148m*[38;2;27;22;166m*[38;2;27;20;160m+[38;2;30;19;176m+[38;2;32;15;204m.   [38;2;12;4;77m.[38;2;16;11;139m:[38;2;25;19;166m+[38;2;30;23;205m+[38;2;26;20;199m+[38;2;28;14;174m=[38;2;37;20;198m+[38;2;33;23;177m+[38;2;33;23;194m*[38;2;25;15;155m*[38;2;54;22;147m*[38;2;121;35;208mx[38;2;111;37;177m8[38;2;172;87;247mx[38;2;124;79;163m*[38;2;5;21;0m.           [0m
[0;1m                       [38;2;238;132;175m+[38;2;225;103;154mx[38;2;181;63;114m8[38;2;223;72;138m@[38;2;255;85;159m@[38;2;252;85;159m@[38;2;255;89;164m@[38;2;253;87;164m@[38;2;244;73;153m@[38;2;244;72;152m@[38;2;242;69;151m@[38;2;245;61;153m#[38;2;234;53;151m8[38;2;203;48;135m8[38;2;181;43;119m8[38;2;232;49;153mx[38;2;203;33;138mx[38;2;197;34;129mx[38;2;198;45;126m8[38;2;231;61;147m#[38;2;234;68;152m@[38;2;240;70;156m@[38;2;243;69;156m@[38;2;245;69;155m@[38;2;241;64;151m@[38;2;250;61;159m#[38;2;234;52;150m#[38;2;233;49;150m8[38;2;207;40;134m8[38;2;166;26;111m8[38;2;215;31;152mx[38;2;231;37;166mx[38;2;215;32;149mx[38;2;171;26;120m8[38;2;206;32;148m8[38;2;240;43;170m8[38;2;243;46;168m8[38;2;236;44;161m8[38;2;245;44;166m8[38;2;233;40;158m#[38;2;238;40;162m8[38;2;221;39;149m8[38;2;216;39;145m8[38;2;230;42;154m8[38;2;235;45;157m8[38;2;227;46;151m8[38;2;222;46;146m8[38;2;218;42;144m8[38;2;212;36;142m8[38;2;194;35;129m8[38;2;173;37;115m8[38;2;233;50;153mx[38;2;231;37;149mx[38;2;198;36;127m8[38;2;243;61;156m8[38;2;233;65;148m#[38;2;247;72;158m#[38;2;238;65;153m@[38;2;229;49;148m8[38;2;187;34;123m8[38;2;222;38;150mx[38;2;227;33;166m+[38;2;169;19;134m+[38;2;206;20;159m*[38;2;198;22;152m+[38;2;200;25;154m=[38;2;223;30;176m=[38;2;232;25;183m=[38;2;153;25;116m8[38;2;189;51;140m8[38;2;233;80;179m8[38;2;246;90;197m#[38;2;249;87;201m#[38;2;242;84;197m@[38;2;249;85;209m@[38;2;244;78;218m@[38;2;246;74;232m#[38;2;234;65;227m8[38;2;194;45;193m8[38;2;167;31;174m8[38;2;161;29;181m8[38;2;172;35;194m8[38;2;195;47;228m8[38;2;194;53;239m#[38;2;185;54;248m#[38;2;174;50;249m#[38;2;160;46;238m@[38;2;155;50;243m@[38;2;149;52;246m@[38;2;138;50;244m@[38;2;134;51;246m@[38;2;131;51;246m@[38;2;122;48;241m@[38;2;115;42;239m#[38;2;102;34;227m8[38;2;80;25;198m8[38;2;62;19;174m8[38;2;80;26;224mx[38;2;74;25;232m=[38;2;59;22;215m+[38;2;36;13;150m+[38;2;33;10;144m:[38;2;32;10;125m.[38;2;22;8;81m.       [38;2;37;14;138m.[38;2;34;21;167m*[38;2;37;21;189m*[38;2;28;12;144m*[38;2;38;13;158m+[38;2;39;14;154m+[38;2;25;11;108m*[38;2;39;12;98m:[38;2;114;21;162m:[38;2;101;18;148mx[38;2;115;22;169m8[38;2;111;29;160m#[38;2;124;68;159mx[38;2;165;132;185m=[38;2;155;122;174mx[38;2;190;152;211m:          [0m
[0;1m                     [38;2;190;139;158m=[38;2;236;136;171m+[38;2;218;105;143mx[38;2;202;85;123m8[38;2;234;93;139m#[38;2;252;97;149m@[38;2;255;100;150m@[38;2;249;99;146m@[38;2;253;104;153m@[38;2;253;104;156m@[38;2;240;90;144m@[38;2;245;90;147m@[38;2;248;89;150m@[38;2;239;75;145m@[38;2;244;65;147m8[38;2;205;53;123m8[38;2;180;50;110m8[38;2;238;66;148mx[38;2;226;55;142mx[38;2;217;56;133mx[38;2;189;55;114m8[38;2;228;71;137m8[38;2;237;76;144m#[38;2;250;79;150m#[38;2;252;78;147m#[38;2;237;74;139m@[38;2;239;74;141m@[38;2;237;73;142m@[38;2;251;72;150m#[38;2;241;69;144m#[38;2;230;65;138m#[38;2;235;60;141m8[38;2;219;49;134m8[38;2;196;41;124m8[38;2;161;34;103m8[38;2;212;40;140mx[38;2;235;35;160mx[38;2;198;33;138m8[38;2;197;39;135m#[38;2;218;48;147m8[38;2;237;51;157m8[38;2;234;49;154m#[38;2;232;49;151m#[38;2;228;53;146m#[38;2;230;56;149m#[38;2;244;63;162m#[38;2;237;58;155m#[38;2;245;57;156m8[38;2;248;61;159m8[38;2;233;59;151m#[38;2;239;61;157m#[38;2;234;57;153m#[38;2;239;59;154m8[38;2;222;52;140m8[38;2;211;40;132m8[38;2;190;30;118m8[38;2;173;33;107m8[38;2;186;45;115m8[38;2;213;56;135m8[38;2;224;57;145m#[38;2;223;52;145m8[38;2;194;43;127m8[38;2;170;35;112m8[38;2;213;34;152mx[38;2;222;27;170m=[38;2;224;29;172m+[38;2;196;25;154m+[38;2;174;23;139m+[38;2;188;22;153m*[38;2;158;18;131m*[38;2;124;17;105m+[38;2;150;27;129m+[38;2;217;45;190m+[38;2;208;44;186mx[38;2;236;52;217mx[38;2;188;45;171m#[38;2;221;56;203m#[38;2;238;67;234m#[38;2;245;64;252m8[38;2;229;54;240m8[38;2;223;55;244m8[38;2;194;53;229m#[38;2;178;54;229m#[38;2;171;49;224m#[38;2;168;47;229m#[38;2;173;48;248m8[38;2;139;32;217m8[38;2;121;25;200m8[38;2;131;35;217m8[38;2;136;45;238m8[38;2;129;50;239m#[38;2;129;52;251m#[38;2;124;54;244m@[38;2;126;58;251m@[38;2;121;54;250m@[38;2;114;50;245m@[38;2;109;48;239m@[38;2;99;43;229m@[38;2;92;39;226m#[38;2;79;28;202m8[38;2;61;21;167m8[38;2;65;22;200mx[38;2;56;18;201m=[38;2;43;13;159m+[38;2;49;17;166m:[38;2;38;12;134m:[38;2;23;7;80m:[38;2;19;2;47m.[38;2;25;5;55m.[38;2;28;5;61m.[38;2;28;4;63m.[38;2;29;5;85m.[38;2;60;10;153m.[38;2;58;15;164m:[38;2;43;20;175m*[38;2;37;20;160m*[38;2;43;15;127m:[38;2;54;17;156m+[38;2;64;21;189m*[38;2;63;15;126m:[38;2;116;21;144m:[38;2;149;29;186mx[38;2;189;37;234m#[38;2;147;30;190m#[38;2;164;41;215mx[38;2;165;82;191m=[38;2;109;75;116m*[38;2;66;61;78m.           [0m
[0;1m                   [38;2;163;114;124m:[38;2;228;150;167m=[38;2;219;126;151m=[38;2;213;96;128m=[38;2;205;92;120m8[38;2;234;106;135m#[38;2;244;113;141m@[38;2;254;116;146m@[38;2;255;113;142m@[38;2;252;109;137m@[38;2;253;109;139m@[38;2;250;106;140m@[38;2;251;100;139m#[38;2;242;97;135m@[38;2;250;101;142m@[38;2;245;94;142m@[38;2;239;86;140m#[38;2;229;79;133m8[38;2;208;69;119m8[38;2;184;56;106m8[38;2;219;57;131mx[38;2;220;57;127m=[38;2;212;66;120mx[38;2;190;67;108m8[38;2;239;84;138m8[38;2;247;88;142m#[38;2;254;95;143m#[38;2;242;91;135m@[38;2;248;93;138m@[38;2;252;95;141m@[38;2;247;86;136m@[38;2;241;84;134m@[38;2;252;89;143m#[38;2;242;80;137m#[38;2;227;67;129m#[38;2;222;59;129m8[38;2;188;50;111m8[38;2;230;56;139mx[38;2;252;51;162m=[38;2;206;35;134mx[38;2;217;43;140mx[38;2;176;43;114m8[38;2;199;51;130m#[38;2;228;57;147m#[38;2;237;57;150m#[38;2;252;63;157m8[38;2;232;61;144m#[38;2;244;66;154m#[38;2;238;65;149m#[38;2;246;69;151m8[38;2;248;70;152m8[38;2;236;69;146m#[38;2;250;76;156m#[38;2;254;73;158m#[38;2;249;72;153m#[38;2;243;69;149m#[38;2;240;63;148m#[38;2;234;54;142m8[38;2;189;43;113m8[38;2;165;42;100m8[38;2;226;56;142mx[38;2;240;53;156mx[38;2;178;41;116m8[38;2;179;44;115m#[38;2;193;49;123m#[38;2;200;47;132m#[38;2;213;47;146m8[38;2;199;44;138m8[38;2;190;43;133m8[38;2;175;37;123m8[38;2;149;20;105m8[38;2;164;20;119mx[38;2;178;26;138m+[38;2;181;25;152m*[38;2;154;19;136m*[38;2;141;14;125m*[38;2;159;18;149m*[38;2;169;24;162m+[38;2;184;29;183m=[38;2;230;40;237m=[38;2;218;33;231mx[38;2;169;25;186m8[38;2;176;34;204m#[38;2;182;43;227m#[38;2;172;48;235m#[38;2;158;45;226m#[38;2;172;54;251m8[38;2;158;53;238m#[38;2;140;46;230m#[38;2;129;42;225m#[38;2;132;46;228m#[38;2;126;48;226m#[38;2;128;53;240m8[38;2;115;47;232m8[38;2;122;54;249m8[38;2;119;55;243m#[38;2;112;49;242m#[38;2;107;45;242m#[38;2;103;44;229m@[38;2;108;47;245m#[38;2;102;46;238m#[38;2;102;43;239m8[38;2;81;31;202m8[38;2;87;28;242mx[38;2;65;17;205mx[38;2;56;14;179m=[38;2;53;16;160m*[38;2;40;14;129m*[38;2;37;11;117m*[38;2;41;9;124m*[38;2;49;9;124m*[38;2;69;12;156m:[38;2;66;10;159m:[38;2;52;8;154m*[38;2;68;12;197m*[38;2;69;16;177m*[38;2;68;21;180m:[38;2;55;17;138m:[38;2;46;10;103m*[38;2;62;14;141m*[38;2;76;15;138m*[38;2;138;19;172m*[38;2;159;21;188mx[38;2;187;31;221m8[38;2;204;42;238m@[38;2;209;43;247mx[38;2;138;47;163m=              [0m
[0;1m                  [38;2;158;106;107m:[38;2;194;126;132mx[38;2;216;121;134mx[38;2;237;99;118m+[38;2;248;106;124m=[38;2;235;113;127m8[38;2;234;118;127m@[38;2;246;126;132m@[38;2;254;122;131m@[38;2;252;117;128m@[38;2;245;115;125m@[38;2;245;114;126m@[38;2;240;110;126m@[38;2;241;106;125m#[38;2;255;115;133m#[38;2;249;113;130m@[38;2;245;105;129m@[38;2;243;95;126m#[38;2;244;93;126m8[38;2;233;91;123m8[38;2;215;80;114m8[38;2;180;58;95m8[38;2;224;69;118m=[38;2;209;72;112m=[38;2;206;78;113mx[38;2;173;63;96m8[38;2;205;81;114m#[38;2;244;103;133m#[38;2;232;96;122m@[38;2;242;102;126m@[38;2;253;111;134m@[38;2;248;104;131m@[38;2;243;102;129m@[38;2;255;108;135m#[38;2;241;99;127m#[38;2;232;88;124m#[38;2;241;84;133m8[38;2;209;67;114m8[38;2;185;53;102m8[38;2;172;46;102m8[38;2;169;39;102m8[38;2;213;49;129mx[38;2;228;58;143m=[38;2;211;55;136mx[38;2;177;45;113m8[38;2;192;47;117m#[38;2;202;53;121m#[38;2;211;59;126m#[38;2;245;69;146m8[38;2;240;67;143m8[38;2;231;66;137m8[38;2;234;70;137m8[38;2;238;69;140m8[38;2;247;69;147m8[38;2;243;73;145m#[38;2;238;74;141m#[38;2;235;75;141m#[38;2;229;76;140m@[38;2;251;79;153m#[38;2;247;72;148m8[38;2;212;61;125m8[38;2;192;51;114m8[38;2;184;43;112m8[38;2;225;50;140mx[38;2;216;48;135mx[38;2;229;52;146mx[38;2;249;55;164mx[38;2;190;40;129m8[38;2;197;44;135m#[38;2;227;59;158m#[38;2;227;61;159m@[38;2;223;50;156m@[38;2;234;52;167m8[38;2;209;50;153m8[38;2;191;46;142m8[38;2;242;49;183mx[38;2;194;25;149mx[38;2;193;21;152m+[38;2;178;16;152m*[38;2;145;13;138m*[38;2;196;14;190m:[38;2;177;13;180m:[38;2;123;12;136m+[38;2;130;16;149mx[38;2;160;24;192mx[38;2;175;31;225mx[38;2;185;33;254mx[38;2;146;33;206m8[38;2;149;41;217m#[38;2;148;49;238m#[38;2;147;54;248m#[38;2;146;56;245m#[38;2;144;57;251m8[38;2;127;52;235m8[38;2;118;48;228m8[38;2;121;53;239m8[38;2;122;55;246m8[38;2;109;45;233m8[38;2;103;34;227m8[38;2;106;33;232m8[38;2;101;34;228m8[38;2;96;35;222m8[38;2;94;33;218m8[38;2;72;22;172m#[38;2;91;22;228mx[38;2;77;16;203mx[38;2;76;15;186mx[38;2;88;16;196m=[38;2;77;14;182m+[38;2;60;11;144m+[38;2;62;11;142m*[38;2;70;13;134m*[38;2;72;14;129m*[38;2;100;21;185m:[38;2;83;18;170m:[38;2;57;12;120m*[38;2;69;13;130m*[38;2;96;17;142m:[38;2;109;16;150m:[38;2;97;13;149m*[38;2;106;14;156m*[38;2;137;15;165m=[38;2;145;19;165m8[38;2;213;33;237m8[38;2;209;33;233m8[38;2;196;33;221m=[38;2;183;59;199m=[38;2;150;73;159m=              [0m
[0;1m                  [38;2;228;148;141m=[38;2;218;126;124mx[38;2;192;93;94mx[38;2;240;115;109mx[38;2;233;122;109m8[38;2;248;134;120m#[38;2;244;133;118m@[38;2;246;134;117m@[38;2;254;134;120m@[38;2;250;129;117m@[38;2;237;122;110m@[38;2;233;120;110m@[38;2;238;119;114m#[38;2;225;107;107m8[38;2;245;118;115m8[38;2;250;123;117m#[38;2;244;119;116m@[38;2;233;108;110m@[38;2;236;107;111m#[38;2;252;114;118m8[38;2;245;106;115m8[38;2;224;87;105m8[38;2;165;62;79m8[38;2;199;79;98mx[38;2;238;101;119m=[38;2;216;90;109mx[38;2;185;77;93m8[38;2;225;96;109m8[38;2;246;108;114m8[38;2;231;110;109m@[38;2;252;130;124m@[38;2;248;120;118m@[38;2;243;117;115m@[38;2;241;118;115m@[38;2;254;121;120m#[38;2;248;113;120m#[38;2;239;102;119m#[38;2;232;90;114m8[38;2;215;75;106m8[38;2;211;66;109m8[38;2;199;57;108m#[38;2;189;56;105m8[38;2;221;68;122mx[38;2;212;58;122mx[38;2;225;55;134mx[38;2;227;56;131mx[38;2;229;64;131mx[38;2;252;75;147mx[38;2;205;60;123m8[38;2;200;55;118m#[38;2;215;61;124m8[38;2;214;65;124m8[38;2;216;64;125m8[38;2;226;60;131m8[38;2;243;69;140m8[38;2;234;69;133m8[38;2;232;72;132m8[38;2;234;78;138m#[38;2;233;75;138m@[38;2;247;74;143m#[38;2;239;73;137m#[38;2;236;72;136m#[38;2;234;70;138m#[38;2;205;56;123m8[38;2;241;59;144mx[38;2;207;44;124mx[38;2;182;29;117mx[38;2;179;22;126mx[38;2;206;31;147mx[38;2;253;54;182mx[38;2;205;48;148m8[38;2;210;46;152m#[38;2;209;47;152m@[38;2;241;60;176m#[38;2;252;66;187m#[38;2;235;59;181m@[38;2;232;51;187m#[38;2;206;40;165m8[38;2;178;33;144m8[38;2;220;38;183mx[38;2;172;21;154mx[38;2;167;15;157m+[38;2;172;17;163m*[38;2;157;14;154m+[38;2;178;16;180m*[38;2;219;23;233m:[38;2;138;15;160m+[38;2;116;16;146mx[38;2;138;25;185mx[38;2;162;37;237mx[38;2;133;35;199m8[38;2;144;42;218m8[38;2;125;38;202m#[38;2;116;38;204m#[38;2;124;43;223m#[38;2;132;47;245m8[38;2;125;45;242m8[38;2;118;42;235m8[38;2;107;31;217m8[38;2;95;20;199m8[38;2;89;19;193m8[38;2;85;19;188m8[38;2;80;15;176m8[38;2;75;13;159m8[38;2;103;18;213mx[38;2;96;17;207mx[38;2;103;17;210mx[38;2;107;16;199mx[38;2;107;15;202m=[38;2;108;14;207m+[38;2;99;12;191m+[38;2;109;13;189m+[38;2;102;14;165m+[38;2;107;17;162m*[38;2;138;22;187m:[38;2;129;16;157m*[38;2;165;17;199m+[38;2;170;17;202m+[38;2;143;14;169mx[38;2;185;19;213mx[38;2;161;22;181m8[38;2;202;28;223m8[38;2;209;28;228m#[38;2;213;37;232m8[38;2;218;61;234mx[38;2;144;80;145m*[38;2;147;69;154m:[38;2;159;79;168m:              [0m
[0;1m                 [38;2;234;161;144m=[38;2;229;139;118mx[38;2;232;128;103mx[38;2;183;101;80m8[38;2;215;120;91m#[38;2;251;143;102m@[38;2;255;148;104m@[38;2;252;147;104m@[38;2;245;145;102m@[38;2;253;152;110m@[38;2;247;145;106m@[38;2;245;136;100m#[38;2;252;136;103m8[38;2;227;118;94m8[38;2;188;90;74m8[38;2;221;109;87m8[38;2;239;125;96m#[38;2;246;136;106m@[38;2;241;132;106m@[38;2;250;132;107m#[38;2;253;131;107m#[38;2;249;125;106m#[38;2;248;117;107m8[38;2;180;80;78m#[38;2;235;106;102mx[38;2;213;100;95mx[38;2;213;98;98mx[38;2;218;94;99mx[38;2;172;76;73m8[38;2;220;106;89m8[38;2;238;125;99m#[38;2;250;138;108m@[38;2;250;130;102m@[38;2;247;127;101m@[38;2;246;130;104m@[38;2;244;129;105m@[38;2;243;125;105m@[38;2;254;124;110m#[38;2;238;109;102m#[38;2;245;105;106m8[38;2;239;94;106m8[38;2;228;81;105m8[38;2;211;76;100m8[38;2;183;68;89m#[38;2;186;63;94m#[38;2;199;60;104m8[38;2;235;71;127mx[38;2;227;74;122m=[38;2;222;70;125m=[38;2;220;61;134mx[38;2;173;47;103m8[38;2;175;51;100m8[38;2;172;53;100m8[38;2;181;56;105m8[38;2;199;56;115m8[38;2;207;55;117m8[38;2;187;53;103m#[38;2;208;62;114m8[38;2;213;63;118m#[38;2;229;65;127m#[38;2;235;69;130m#[38;2;243;78;136m#[38;2;251;83;143m#[38;2;237;78;137m@[38;2;236;69;136m#[38;2;233;65;133m8[38;2;194;54;111m#[38;2;181;44;109m8[38;2;215;39;139mx[38;2;182;27;123mx[38;2;208;26;147m=[38;2;214;23;157m=[38;2;191;19;146mx[38;2;223;30;170mx[38;2;181;33;136m8[38;2;206;46;157m8[38;2;231;58;182m8[38;2;229;56;185m#[38;2;232;51;186m#[38;2;239;53;192m#[38;2;238;51;195m#[38;2;203;37;178m@[38;2;209;31;191m8[38;2;189;26;173m8[38;2;249;35;232mx[38;2;214;29;202mx[38;2;197;25;189m=[38;2;167;20;160m+[38;2;151;16;150m*[38;2;197;22;210m:[38;2;151;19;171m*[38;2;150;23;182m+[38;2;140;26;186m=[38;2;121;25;178mx[38;2;127;29;204mx[38;2;142;34;238mx[38;2;113;25;195m8[38;2;123;25;219m8[38;2;115;27;213m#[38;2;107;22;198m#[38;2;97;14;177m#[38;2;97;13;176m#[38;2;99;13;174m#[38;2;149;17;250mx[38;2;143;18;234mx[38;2;138;18;224mx[38;2;131;16;218mx[38;2;135;16;217mx[38;2;141;17;209mx[38;2;168;21;235m=[38;2;143;17;207mx[38;2;148;15;234mx[38;2;151;14;235mx[38;2;156;15;227m=[38;2;162;17;218m+[38;2;128;12;171mx[38;2;186;18;230mx[38;2;177;20;197m8[38;2;183;22;200m8[38;2;188;25;204m#[38;2;220;31;235m#[38;2;229;31;244m@[38;2;217;33;231m@[38;2;188;41;199m#[38;2;173;51;186mx[38;2;124;65;134m*[38;2;204;142;202m:                [0m
[0;1m                [38;2;241;186;165m=[38;2;233;155;119m=[38;2;224;134;91mx[38;2;201;121;81m8[38;2;238;146;93m8[38;2;251;155;94m#[38;2;253;156;90m@[38;2;254;159;88m@[38;2;251;158;88m@[38;2;243;155;88m@[38;2;251;159;91m@[38;2;238;146;85m@[38;2;246;144;86m8[38;2;227;128;80m8[38;2;210;115;75m8[38;2;196;104;69m8[38;2;234;130;85m8[38;2;247;141;91m#[38;2;243;142;91m@[38;2;250;140;91m#[38;2;241;133;88m#[38;2;248;143;95m#[38;2;233;134;92m@[38;2;239;131;94m#[38;2;216;111;83m8[38;2;180;92;70m8[38;2;211;107;83mx[38;2;198;94;79m=[38;2;211;98;88m+[38;2;222;111;91m=[38;2;174;91;67m8[38;2;227;124;87m8[38;2;236;131;89m@[38;2;247;135;93m@[38;2;244;135;93m@[38;2;240;136;92m@[38;2;237;135;91m@[38;2;241;134;93m@[38;2;244;129;94m@[38;2;252;130;95m#[38;2;246;123;94m#[38;2;244;120;100m#[38;2;233;104;94m#[38;2;226;96;92m8[38;2;202;87;86m8[38;2;200;78;86m8[38;2;205;73;90m8[38;2;187;66;89m8[38;2;224;82;109mx[38;2;197;71;100mx[38;2;198;61;109mx[38;2;192;54;108mx[38;2;222;66;123m=[38;2;230;72;129m=[38;2;243;72;139m=[38;2;216;57;126mx[38;2;157;41;88m8[38;2;158;46;88m8[38;2;166;50;91m8[38;2;184;53;102m8[38;2;206;57;114m8[38;2;222;66;122m8[38;2;237;77;129m8[38;2;236;77;131m#[38;2;251;79;143m#[38;2;245;71;138m#[38;2;236;71;134m#[38;2;248;78;143m8[38;2;239;70;140m8[38;2;201;52;120m#[38;2;188;47;116m8[38;2;249;56;157mx[38;2;225;42;149mx[38;2;196;25;140mx[38;2;232;21;174m+[38;2;254;25;195m*[38;2;219;28;170m+[38;2;193;24;149mx[38;2;166;20;130m8[38;2;187;30;150m8[38;2;219;45;176m8[38;2;247;57;203m8[38;2;245;56;205m#[38;2;247;53;215m#[38;2;242;50;216m#[38;2;238;48;212m#[38;2;232;42;212m#[38;2;217;32;207m#[38;2;187;23;182m8[38;2;219;27;220mx[38;2;212;30;219m=[38;2;178;18;184m+[38;2;138;4;137m*[38;2;139;3;140m:[38;2;125;5;147m:[38;2;128;6;167m:[38;2;109;0;154m:[38;2;110;11;179m+[38;2;113;14;190mx[38;2;83;9;146m8[38;2;83;9;144m8[38;2;88;11;143m8[38;2;95;11;149m8[38;2;99;11;149m8[38;2;168;18;232m=[38;2;157;15;212m=[38;2;125;11;167mx[38;2;150;12;196m=[38;2;182;17;243m+[38;2;160;17;212m=[38;2;161;18;197m=[38;2;162;17;201m=[38;2;168;14;220m=[38;2;169;12;211mx[38;2;196;15;231m=[38;2;169;16;189mx[38;2;154;15;172m8[38;2;196;24;211m#[38;2;234;35;239m#[38;2;224;32;232m#[38;2;236;36;243m8[38;2;228;41;232m8[38;2;224;43;231m8[38;2;149;30;157m8[38;2;117;51;121mx[38;2;152;110;153m:                  [0m
[0;1m              [38;2;74;59;51m:[38;2;247;186;148m=[38;2;232;157;108m=[38;2;245;162;90m=[38;2;233;153;81mx[38;2;197;129;68m8[38;2;225;148;77m#[38;2;242;163;83m@[38;2;255;176;91m@[38;2;255;173;88m@[38;2;249;169;83m@[38;2;240;161;76m@[38;2;239;157;80m@[38;2;234;150;79m#[38;2;223;137;71m8[38;2;222;133;70m8[38;2;232;138;76m8[38;2;231;140;82m8[38;2;247;154;88m8[38;2;242;154;84m#[38;2;247;157;82m#[38;2;249;154;82m8[38;2;234;143;79m8[38;2;243;150;82m8[38;2;235;144;79m#[38;2;240;143;80m#[38;2;236;135;80m8[38;2;213;119;72m8[38;2;174;95;59m#[38;2;219;117;78mx[38;2;220;113;83m=[38;2;234;119;88m+[38;2;213;119;78m=[38;2;184;108;68m8[38;2;231;139;87m#[38;2;236;140;86m@[38;2;238;143;87m@[38;2;254;156;93m#[38;2;255;155;88m#[38;2;239;140;81m@[38;2;241;136;83m@[38;2;238;134;80m@[38;2;241;135;83m@[38;2;247;140;91m@[38;2;248;133;92m@[38;2;240;123;88m#[38;2;220;110;82m8[38;2;209;95;77m8[38;2;214;89;80m8[38;2;202;82;82m8[38;2;184;77;76m8[38;2;173;73;76m8[38;2;165;64;77m#[38;2;237;84;114mx[38;2;212;74;106mx[38;2;213;76;110mx[38;2;245;81;128m=[38;2;232;65;122m=[38;2;199;56;108mx[38;2;226;68;125m=[38;2;220;68;125m=[38;2;233;65;135m=[38;2;216;55;122mx[38;2;238;65;129mx[38;2;182;55;98m8[38;2;210;68;118m8[38;2;224;74;132m#[38;2;234;76;138m#[38;2;232;74;134m#[38;2;228;71;129m#[38;2;245;72;139m8[38;2;239;68;140m8[38;2;228;65;136m8[38;2;223;61;133m8[38;2;214;53;129m8[38;2;178;34;114m#[38;2;233;35;157mx[38;2;212;33;147mx[38;2;216;38;155mx[38;2;225;32;169mx[38;2;216;20;167mx[38;2;215;21;166m=[38;2;193;25;150mx[38;2;161;24;127m8[38;2;201;30;164m8[38;2;230;42;200m8[38;2;250;55;225m8[38;2;245;55;222m#[38;2;232;50;215m@[38;2;244;47;234m#[38;2;253;41;242m8[38;2;246;43;241m8[38;2;217;40;215m#[38;2;198;26;200m8[38;2;241;20;247mx[38;2;216;23;223mx[38;2;213;23;225m=[38;2;162;18;176m=[38;2;134;15;140m+[38;2;137;17;146m*[38;2;128;16;145m*[38;2;125;13;152m*[38;2;117;13;142m*[38;2;111;14;127m*[38;2;121;13;139m*[38;2;133;13;151m*[38;2;136;15;142m*[38;2;137;14;139m*[38;2;144;14;148m*[38;2;160;14;171m*[38;2;169;14;180m*[38;2;154;14;160m*[38;2;134;14;137m*[38;2;205;25;208m:[38;2;173;20;177m*[38;2;221;21;226m=[38;2;213;20;214mx[38;2;167;19;166m8[38;2;206;26;207m#[38;2;250;38;252m#[38;2;240;44;241m#[38;2;205;33;210m8[38;2;153;26;156m8[38;2;201;53;193m=[38;2;195;83;191m=[38;2;143;76;144m:                    [0m
[0;1m              [38;2;67;57;48m:[38;2;235;187;140m=[38;2;246;173;101m=[38;2;226;155;72mx[38;2;203;143;70m8[38;2;224;161;78m#[38;2;244;175;80m#[38;2;241;173;78m@[38;2;251;182;86m@[38;2;245;181;86m@[38;2;250;183;85m#[38;2;252;180;81m8[38;2;242;171;81m8[38;2;208;145;70m8[38;2;186;129;60m8[38;2;218;154;72m8[38;2;252;180;87m8[38;2;245;172;88m8[38;2;249;178;89m8[38;2;232;168;81m#[38;2;235;168;74m#[38;2;225;154;68m8[38;2;218;144;69m8[38;2;253;170;80m8[38;2;252;172;82m#[38;2;239;162;79m@[38;2;245;157;76m#[38;2;239;150;73m#[38;2;251;158;78m8[38;2;233;144;76m8[38;2;193;114;66m8[38;2;215;122;74mx[38;2;229;140;78m=[38;2;213;134;75mx[38;2;184;115;67m8[38;2;243;157;86m8[38;2;242;158;82m#[38;2;247;163;82m#[38;2;239;161;81m@[38;2;246;165;85m@[38;2;246;159;83m@[38;2;241;152;78m@[38;2;244;154;78m@[38;2;254;160;82m@[38;2;255;154;84m@[38;2;246;145;84m@[38;2;238;141;85m@[38;2;243;141;90m@[38;2;244;136;91m@[38;2;242;124;90m#[38;2;238;118;87m8[38;2;226;107;85m8[38;2;234;101;92m8[38;2;228;92;92m8[38;2;210;83;86m8[38;2;197;79;85m8[38;2;187;73;86m8[38;2;181;65;88m8[38;2;174;58;87m8[38;2;231;76;116mx[38;2;217;69;112mx[38;2;215;59;119mx[38;2;214;54;122mx[38;2;204;57;114mx[38;2;235;71;131m=[38;2;244;69;141m=[38;2;224;54;133mx[38;2;236;60;136mx[38;2;184;52;106m8[38;2;211;64;124m8[38;2;235;72;145m8[38;2;244;67;152m8[38;2;241;61;146m8[38;2;238;65;147m#[38;2;246;67;154m#[38;2;237;55;149m#[38;2;232;46;148m8[38;2;222;46;144m8[38;2;227;49;149m8[38;2;231;42;159m8[38;2;221;29;157m8[38;2;194;29;135m8[38;2;185;30;133m8[38;2;180;29;134m8[38;2;245;31;191mx[38;2;213;21;170mx[38;2;202;20;165mx[38;2;237;29;200mx[38;2;195;32;175m#[38;2;245;46;230m#[38;2;252;47;238m#[38;2;242;47;229m@[38;2;249;51;237m@[38;2;249;50;243m@[38;2;247;52;244m@[38;2;247;54;244m@[38;2;241;48;241m@[38;2;229;40;233m@[38;2;223;33;228m#[38;2;234;35;238m8[38;2;225;33;228m8[38;2;199;21;207m8[38;2;181;14;190m8[38;2;180;16;183m8[38;2;177;14;179m8[38;2;178;15;178m8[38;2;183;19;181m8[38;2;166;16;163m8[38;2;221;19;217mx[38;2;224;19;223mx[38;2;180;16;180m8[38;2;204;21;202m8[38;2;215;30;210m8[38;2;248;41;240m8[38;2;247;44;238m@[38;2;252;44;243m@[38;2;242;40;233m@[38;2;249;40;238m#[38;2;245;36;237m#[38;2;210;29;202m8[38;2;158;32;146mx[38;2;210;98;196m*[38;2;193;125;186m*[38;2;181;104;177m+                      [0m
[0;1m             [38;2;89;73;49m:[38;2;209;165;105m=[38;2;207;153;89mx[38;2;166;114;56m8[38;2;220;159;69m8[38;2;229;167;75m#[38;2;236;171;78m#[38;2;239;176;79m#[38;2;241;177;79m#[38;2;238;173;75m#[38;2;242;178;78m8[38;2;213;157;71m8[38;2;246;179;85mx[38;2;232;166;79mx[38;2;178;129;60m8[38;2;203;150;70m8[38;2;235;175;81m8[38;2;251;184;88m8[38;2;220;160;78m8[38;2;200;144;66m8[38;2;192;140;58m8[38;2;215;159;66m8[38;2;224;164;74m8[38;2;231;167;80m8[38;2;254;185;87m8[38;2;247;179;80m#[38;2;246;174;75m#[38;2;248;165;73m8[38;2;231;153;67m#[38;2;236;161;69m#[38;2;252;172;75m8[38;2;224;147;70m8[38;2;188;118;60m8[38;2;234;149;72mx[38;2;209;133;63mx[38;2;241;152;77m=[38;2;229;149;75mx[38;2;200;135;66m8[38;2;235;160;76m8[38;2;236;159;73m#[38;2;252;169;79m#[38;2;237;160;78m@[38;2;245;164;79m#[38;2;249;168;81m#[38;2;247;170;83m@[38;2;251;167;85m@[38;2;242;156;79m@[38;2;238;149;75m@[38;2;242;149;77m@[38;2;244;146;79m@[38;2;253;139;83m#[38;2;247;133;79m#[38;2;245;130;81m#[38;2;248;127;87m#[38;2;241;120;90m#[38;2;230;111;86m#[38;2;242;112;88m8[38;2;233;102;89m8[38;2;223;91;94m8[38;2;216;87;94m8[38;2;196;77;85m8[38;2;179;67;81m8[38;2;176;61;86m8[38;2;172;54;87m8[38;2;157;47;79m8[38;2;247;74;127m=[38;2;200;55;108mx[38;2;203;49;117mx[38;2;219;46;129m=[38;2;210;46;126m=[38;2;180;43;111mx[38;2;235;54;149m=[38;2;212;45;135mx[38;2;237;54;148mx[38;2;188;49;116m#[38;2;218;59;134m#[38;2;230;60;144m#[38;2;242;59;154m8[38;2;245;63;159m8[38;2;239;65;157m#[38;2;242;60;159m#[38;2;230;47;151m#[38;2;232;47;151m8[38;2;232;50;152m8[38;2;230;51;154m8[38;2;215;42;150m8[38;2;194;31;139m8[38;2;189;29;138m8[38;2;199;31;150m8[38;2;205;29;161m8[38;2;202;22;164m8[38;2;194;25;161m8[38;2;201;30;169m8[38;2;217;34;184m8[38;2;234;39;206m8[38;2;234;44;210m#[38;2;249;50;225m#[38;2;254;48;233m#[38;2;237;42;222m@[38;2;238;47;231m@[38;2;239;48;232m@[38;2;237;46;231m@[38;2;247;41;242m#[38;2;242;33;237m#[38;2;242;29;235m#[38;2;236;29;229m#[38;2;233;30;226m#[38;2;236;32;232m#[38;2;233;32;227m#[38;2;231;34;221m#[38;2;234;39;220m#[38;2;231;42;217m@[38;2;243;47;225m@[38;2;243;54;217m@[38;2;253;61;220m@[38;2;255;68;225m@[38;2;255;65;226m@[38;2;243;60;208m@[38;2;222;54;187m#[38;2;233;46;191mx[38;2;209;65;175m=[38;2;174;94;155m=                         [0m
[0;1m           [38;2;206;165;116m:[38;2;200;157;112m+[38;2;198;149;96m*[38;2;229;169;90m=[38;2;164;117;55m8[38;2;215;153;72m8[38;2;235;173;80m#[38;2;240;180;85m#[38;2;248;186;87m8[38;2;235;174;75m8[38;2;209;153;65m#[38;2;204;150;67m#[38;2;197;146;64m8[38;2;233;172;80mx[38;2;223;164;84m=[38;2;247;188;91mx[38;2;205;156;74m8[38;2;207;155;74m8[38;2;201;150;69m#[38;2;212;157;72m8[38;2;241;175;87mx[38;2;217;162;77mx[38;2;169;129;58m8[38;2;212;161;73m8[38;2;223;168;79m8[38;2;224;168;80m8[38;2;242;184;85m8[38;2;236;181;84m#[38;2;239;183;85m#[38;2;244;180;87m8[38;2;247;181;86m8[38;2;234;174;79m#[38;2;253;188;84m8[38;2;242;173;78m8[38;2;223;151;69m8[38;2;197;132;59m8[38;2;173;117;53m8[38;2;227;155;76mx[38;2;245;160;78m=[38;2;220;148;72mx[38;2;182;127;59m8[38;2;200;136;59m#[38;2;227;153;67m#[38;2;239;162;74m#[38;2;235;163;72m#[38;2;241;171;78m#[38;2;239;173;82m@[38;2;242;169;83m@[38;2;249;169;81m#[38;2;242;165;76m#[38;2;252;171;81m#[38;2;245;160;79m@[38;2;241;142;71m@[38;2;237;141;72m@[38;2;237;140;75m@[38;2;241;137;80m@[38;2;237;126;78m@[38;2;248;126;81m#[38;2;246;123;83m#[38;2;243;120;88m#[38;2;241;117;96m#[38;2;243;111;98m#[38;2;232;103;93m#[38;2;221;95;90m#[38;2;217;88;94m#[38;2;212;82;97m#[38;2;211;82;99m8[38;2;187;71;87m8[38;2;181;64;88m8[38;2;186;59;96m8[38;2;157;45;85m8[38;2;199;55;111mx[38;2;224;60;127m=[38;2;210;48;125m=[38;2;204;40;126m=[38;2;213;46;132m=[38;2;237;54;149m=[38;2;214;49;136mx[38;2;220;49;141mx[38;2;228;46;148mx[38;2;253;57;163mx[38;2;198;52;127m8[38;2;202;52;129m#[38;2;216;50;137m#[38;2;225;51;141m#[38;2;241;59;152m#[38;2;252;65;160m#[38;2;230;56;150m@[38;2;224;47;148m@[38;2;223;46;151m@[38;2;224;50;156m@[38;2;234;50;168m#[38;2;221;39;162m#[38;2;239;44;178m8[38;2;231;47;174m#[38;2;242;53;185m#[38;2;240;54;192m#[38;2;243;58;201m#[38;2;252;63;211m#[38;2;235;54;197m@[38;2;251;52;213m#[38;2;249;55;219m#[38;2;243;52;216m#[38;2;237;47;212m#[38;2;252;42;231m8[38;2;238;30;219m8[38;2;226;24;199m8[38;2;229;26;196m8[38;2;236;30;200m8[38;2;241;33;209m8[38;2;250;42;217m8[38;2;243;52;207m#[38;2;243;63;201m@[38;2;255;73;209m@[38;2;255;74;207m@[38;2;255;76;196m@[38;2;254;81;190m@[38;2;253;87;189m@[38;2;253;86;189m@[38;2;250;85;186m@[38;2;245;82;178m#[38;2;202;62;136m8[38;2;220;72;145mx[38;2;190;89;143mx[38;2;176;111;141m*                        [0m
[0;1m        [38;2;179;144;116m*[38;2;172;140;115m*[38;2;212;169;128m:[38;2;245;187;115m+[38;2;231;171;97mx[38;2;213;152;76mx[38;2;174;126;56m8[38;2;210;154;70m8[38;2;238;175;82m8[38;2;249;184;85m8[38;2;243;184;85m8[38;2;209;159;73m#[38;2;205;155;69m8[38;2;180;134;61m8[38;2;232;174;84mx[38;2;222;172;80mx[38;2;219;170;84mx[38;2;228;173;92mx[38;2;204;156;76m8[38;2;197;151;71m#[38;2;192;147;72m8[38;2;184;143;68m8[38;2;243;187;90mx[38;2;240;181;94m=[38;2;230;183;91mx[38;2;192;157;76m8[38;2;226;183;89m8[38;2;223;174;85m8[38;2;218;166;79m8[38;2;236;183;85m8[38;2;250;197;91m8[38;2;252;200;93m8[38;2;231;177;86m8[38;2;238;183;88m8[38;2;232;181;86m#[38;2;236;187;91m#[38;2;235;182;89m#[38;2;248;184;88m8[38;2;232;170;80m8[38;2;221;161;74m8[38;2;212;154;71m8[38;2;173;117;54m8[38;2;239;162;73m=[38;2;227;160;71m=[38;2;224;158;71mx[38;2;202;141;61m8[38;2;219;153;63m#[38;2;234;168;71m8[38;2;244;180;78m8[38;2;245;183;82m#[38;2;252;183;83m#[38;2;239;171;78m#[38;2;231;165;74m#[38;2;246;176;79m#[38;2;244;170;78m@[38;2;238;154;74m@[38;2;244;156;74m#[38;2;236;147;70m#[38;2;240;140;69m#[38;2;230;125;68m#[38;2;237;125;72m8[38;2;240;128;76m8[38;2;232;125;79m#[38;2;249;133;92m#[38;2;253;123;93m#[38;2;251;120;93m#[38;2;250;119;97m#[38;2;251;117;104m#[38;2;250;117;110m#[38;2;237;110;106m#[38;2;220;97;95m#[38;2;215;89;96m#[38;2;217;85;104m#[38;2;193;69;95m#[38;2;192;67;95m8[38;2;184;64;92m8[38;2;176;52;92m8[38;2;165;41;91m8[38;2;219;57;126mx[38;2;212;52;122mx[38;2;206;47;122mx[38;2;200;39;127mx[38;2;194;30;128mx[38;2;235;38;154m=[38;2;202;39;132mx[38;2;214;39;145mx[38;2;227;34;159mx[38;2;238;38;165mx[38;2;180;34;124m8[38;2;194;40;134m8[38;2;198;40;141m8[38;2;200;36;145m8[38;2;201;36;146m8[38;2;203;41;148m8[38;2;210;42;159m8[38;2;198;33;159m#[38;2;203;33;163m8[38;2;210;39;167m8[38;2;218;45;173m8[38;2;192;35;157m#[38;2;186;32;155m#[38;2;205;40;169m8[38;2;198;38;165m8[38;2;187;33;158m8[38;2;249;39;210mx[38;2;180;29;150m8[38;2;194;32;159m8[38;2;203;30;169m8[38;2;206;31;169m8[38;2;212;39;164m8[38;2;227;49;169m8[38;2;245;59;178m8[38;2;242;61;175m#[38;2;246;66;181m#[38;2;250;73;183m#[38;2;242;76;172m@[38;2;251;83;175m@[38;2;255;87;174m@[38;2;254;94;169m@[38;2;255;102;169m@[38;2;255;107;171m@[38;2;254;107;168m@[38;2;255;108;167m@[38;2;246;102;159m@[38;2;222;86;139m@[38;2;210;75;127m8[38;2;216;90;137mx[38;2;137;82;104mx                        [0m
[0;1m        [38;2;187;150;121m:[38;2;200;169;142mx[38;2;242;202;163mx[38;2;235;175;109m=[38;2;229;151;59m=[38;2;179;126;53m8[38;2;203;149;66m#[38;2;235;176;79m8[38;2;229;173;79m8[38;2;200;150;69m#[38;2;198;150;68m8[38;2;177;136;62m8[38;2;231;178;86mx[38;2;247;190;95m=[38;2;227;177;86m=[38;2;234;189;90m=[38;2;211;169;85mx[38;2;228;177;94mx[38;2;177;134;67m8[38;2;172;133;63m8[38;2;220;174;82mx[38;2;246;195;94m=[38;2;225;175;89m=[38;2;238;183;95m+[38;2;252;202;99m=[38;2;178;147;71m8[38;2;212;174;86m8[38;2;197;158;79m#[38;2;215;170;87m8[38;2;237;190;97m8[38;2;251;204;103m8[38;2;250;204;105m8[38;2;229;178;92m8[38;2;240;189;93m8[38;2;240;192;92m#[38;2;245;198;97m#[38;2;242;193;97m#[38;2;239;187;94m#[38;2;237;185;92m#[38;2;238;185;91m#[38;2;235;184;90m#[38;2;206;152;74m#[38;2;183;132;60m8[38;2;213;155;66mx[38;2;230;166;74m=[38;2;223;159;72mx[38;2;190;137;58m8[38;2;188;139;60m#[38;2;231;174;77m8[38;2;240;184;83m#[38;2;253;191;87m#[38;2;246;183;84m#[38;2;240;178;81m#[38;2;252;187;82m#[38;2;245;178;78m@[38;2;238;163;74m@[38;2;244;165;72m#[38;2;236;156;68m#[38;2;239;150;67m#[38;2;243;146;73m8[38;2;225;131;70m8[38;2;228;130;67m8[38;2;244;137;75m8[38;2;249;137;82m#[38;2;237;123;79m@[38;2;254;131;87m#[38;2;237;123;86m@[38;2;245;131;98m@[38;2;246;127;101m@[38;2;237;114;93m@[38;2;251;116;96m#[38;2;249;114;100m#[38;2;232;105;102m@[38;2;236;105;110m#[38;2;222;96;103m#[38;2;212;87;96m#[38;2;227;86;107m8[38;2;222;78;112m8[38;2;193;68;101m#[38;2;193;66;100m#[38;2;192;61;101m#[38;2;186;50;104m#[38;2;176;41;103m8[38;2;227;53;136mx[38;2;218;52;135mx[38;2;216;42;144mx[38;2;210;29;148mx[38;2;228;32;164m=[38;2;226;30;165m=[38;2;226;28;172m=[38;2;222;26;183m=[38;2;223;24;189m=[38;2;231;25;190m=[38;2;240;29;195m=[38;2;212;25;179mx[38;2;221;21;196mx[38;2;202;17;180mx[38;2;244;28;211m=[38;2;212;29;178mx[38;2;149;13;124m8[38;2;152;11;124m8[38;2;154;17;124m8[38;2;218;26;180mx[38;2;211;26;176mx[38;2;207;25;159mx[38;2;242;42;178mx[38;2;196;42;142m8[38;2;219;52;157m8[38;2;238;61;169m8[38;2;235;68;163m#[38;2;248;79;166m#[38;2;241;82;157m@[38;2;254;86;164m@[38;2;253;87;164m@[38;2;251;90;161m@[38;2;250;95;157m@[38;2;252;101;155m@[38;2;255;107;154m@[38;2;254;114;148m@[38;2;255;121;148m@[38;2;255;124;148m@[38;2;255;120;142m@[38;2;253;121;139m@[38;2;247;121;135m@[38;2;244;116;133m@[38;2;246;111;133m8[38;2;236;102;126mx[38;2;149;75;87mx                        [0m
[0;1m        [38;2;55;47;40m:[38;2;212;180;150m=[38;2;226;187;151mx[38;2;242;177;111m+[38;2;242;160;66m=[38;2;194;137;60m8[38;2;205;150;64m8[38;2;203;151;65m8[38;2;187;141;63m8[38;2;175;134;64m8[38;2;221;173;81mx[38;2;230;183;84m=[38;2;247;193;95m+[38;2;225;174;87m=[38;2;252;200;95m=[38;2;242;197;93m=[38;2;228;184;89m=[38;2;250;196;99m+[38;2;239;187;96m=[38;2;236;187;91m=[38;2;241;194;88m+[38;2;234;186;87m+[38;2;202;156;79m=[38;2;229;178;92m+[38;2;251;205;103m+[38;2;216;180;89mx[38;2;182;147;73m8[38;2;179;142;74m8[38;2;174;140;76m8[38;2;198;163;88m8[38;2;221;184;99m8[38;2;234;194;106m8[38;2;227;182;102m8[38;2;242;195;105m8[38;2;239;195;99m#[38;2;239;194;95m#[38;2;233;187;93m#[38;2;233;185;94m#[38;2;236;187;94m#[38;2;241;194;99m#[38;2;246;201;105m#[38;2;237;185;97m#[38;2;217;165;80m#[38;2;207;155;69m8[38;2;179;132;57m8[38;2;232;168;78mx[38;2;218;160;78mx[38;2;156;117;53m8[38;2;188;143;65m8[38;2;217;165;79m#[38;2;244;185;87m#[38;2;245;185;85m#[38;2;242;184;84m#[38;2;254;197;90m#[38;2;247;189;85m@[38;2;240;169;73m@[38;2;252;176;75m#[38;2;249;174;75m#[38;2;254;176;79m#[38;2;242;158;76m#[38;2;248;151;75m8[38;2;247;147;71m8[38;2;250;146;74m8[38;2;239;137;76m#[38;2;232;128;76m@[38;2;245;135;83m#[38;2;245;136;86m#[38;2;243;138;92m@[38;2;249;133;93m@[38;2;243;119;86m@[38;2;244;120;88m@[38;2;246;122;93m@[38;2;247;123;100m@[38;2;251;121;107m#[38;2;238;112;101m#[38;2;250;114;104m8[38;2;252;113;112m8[38;2;251;107;118m8[38;2;244;98;113m8[38;2;250;101;118m8[38;2;251;100;123m8[38;2;244;89;123m8[38;2;213;71;109m8[38;2;196;66;103m8[38;2;199;69;110m8[38;2;189;59;111m#[38;2;200;53;122m8[38;2;180;45;108m8[38;2;252;60;155mx[38;2;244;56;158mx[38;2;229;48;161mx[38;2;215;38;156mx[38;2;213;35;154mx[38;2;220;39;160mx[38;2;227;40;172mx[38;2;232;36;184mx[38;2;232;35;181mx[38;2;231;39;177mx[38;2;236;45;176mx[38;2;176;31;127m8[38;2;187;37;133m8[38;2;191;46;135m8[38;2;178;44;127m#[38;2;182;44;128m#[38;2;206;52;136m8[38;2;228;66;147m8[38;2;251;81;159m8[38;2;247;85;156m#[38;2;238;83;150m@[38;2;243;87;149m@[38;2;246;93;146m@[38;2;248;98;143m@[38;2;252;97;143m@[38;2;254;102;143m@[38;2;255;110;144m@[38;2;255;119;142m@[38;2;255;126;139m@[38;2;255;127;133m@[38;2;254;127;123m@[38;2;255;131;121m@[38;2;255;137;124m@[38;2;255;135;121m@[38;2;255;136;118m@[38;2;255;137;117m@[38;2;255;142;123m@[38;2;243;131;116m@[38;2;223;115;103m8[38;2;241;126;119mx[38;2;235;137;137m=[38;2;222;151;154m=                      [0m
[0;1m       [38;2;210;175;150m+[38;2;202;157;119m=[38;2;187;141;92m=[38;2;192;142;79m=[38;2;242;174;83m+[38;2;227;163;75mx[38;2;187;136;62m8[38;2;167;123;53m8[38;2;213;158;69mx[38;2;227;170;80m=[38;2;243;188;89m=[38;2;239;192;85m=[38;2;220;178;79m=[38;2;240;190;93m+[38;2;253;198;99m+[38;2;244;194;91m=[38;2;237;193;89m=[38;2;219;179;84m=[38;2;232;184;90m+[38;2;224;177;88m=[38;2;227;182;89m=[38;2;241;197;97m+[38;2;245;200;103m+[38;2;222;177;98m=[38;2;230;182;102m=[38;2;254;211;112m=[38;2;223;191;99mx[38;2;224;185;102mx[38;2;243;194;109m=[38;2;230;187;104m=[38;2;216;183;100mx[38;2;176;147;76m8[38;2;193;156;77m8[38;2;183;145;82m8[38;2;195;158;88m8[38;2;213;177;94m8[38;2;224;188;97m8[38;2;231;190;98m8[38;2;235;187;98m8[38;2;237;189;97m8[38;2;246;199;102m8[38;2;240;195;103m#[38;2;236;186;101m#[38;2;244;189;98m8[38;2;233;181;88m8[38;2;208;160;76m#[38;2;210;159;78m8[38;2;251;187;94mx[38;2;236;177;82m=[38;2;238;178;82m=[38;2;172;126;63m8[38;2;211;158;76m8[38;2;218;165;76m8[38;2;217;166;76m8[38;2;244;192;90m8[38;2;249;195;94m#[38;2;247;181;90m#[38;2;242;177;82m#[38;2;242;177;79m#[38;2;252;185;85m#[38;2;244;168;82m#[38;2;232;149;74m#[38;2;251;159;77m8[38;2;246;154;76m8[38;2;242;147;79m8[38;2;249;145;87m8[38;2;238;138;84m8[38;2;239;138;85m8[38;2;244;141;89m#[38;2;242;134;89m@[38;2;242;127;88m@[38;2;242;128;92m@[38;2;245;130;97m@[38;2;250;131;101m@[38;2;251;120;99m#[38;2;242;114;95m#[38;2;241;116;97m#[38;2;241;114;104m#[38;2;238;106;105m#[38;2;232;97;99m#[38;2;241;103;106m#[38;2;246;109;114m#[38;2;243;107;120m#[38;2;247;102;124m8[38;2;240;97;122m8[38;2;243;100;126m8[38;2;239;94;129m8[38;2;225;78;124m8[38;2;210;68;112m8[38;2;213;69;116m8[38;2;219;71;122m8[38;2;213;64;126m8[38;2;199;54;121m8[38;2;189;51;116m8[38;2;187;53;116m8[38;2;190;49;121m8[38;2;193;42;127m8[38;2;188;44;121m8[38;2;191;49;120m8[38;2;199;56;121m8[38;2;210;57;127m8[38;2;218;63;133m8[38;2;221;73;133m8[38;2;219;78;132m8[38;2;220;82;129m8[38;2;232;88;132m8[38;2;253;101;142m8[38;2;250;104;140m#[38;2;241;103;135m@[38;2;245;105;137m@[38;2;248;107;137m@[38;2;248;112;133m@[38;2;247;115;128m@[38;2;251;114;126m@[38;2;250;119;126m@[38;2;248;124;123m@[38;2;244;127;118m@[38;2;249;131;116m@[38;2;252;131;111m@[38;2;247;129;100m@[38;2;251;137;100m@[38;2;255;146;105m@[38;2;255;150;109m@[38;2;254;149;104m@[38;2;254;149;100m@[38;2;252;151;101m@[38;2;255;158;108m@[38;2;253;153;107m@[38;2;216;128;88m8[38;2;216;124;89mx[38;2;225;129;105m+[38;2;217;154;140m=                     [0m
[0;1m      [38;2;175;147;131mx[38;2;182;144;122m=[38;2;213;133;70m*[38;2;207;141;51m+[38;2;241;177;68m+[38;2;213;158;69m=[38;2;210;154;71m=[38;2;236;179;78m+[38;2;226;180;79m+[38;2;222;177;80m+[38;2;225;174;83m+[38;2;238;184;86m+[38;2;246;198;91m+[38;2;242;198;92m+[38;2;228;182;86m+[38;2;218;170;79m+[38;2;223;177;79m+[38;2;234;191;85m+[38;2;218;177;80m+[38;2;229;180;85m*[38;2;220;171;84m+[38;2;238;191;94m+[38;2;229;190;95m+[38;2;238;195;104m+[38;2;210;166;95m=[38;2;236;184;107m+[38;2;210;171;92m=[38;2;222;186;98m=[38;2;213;178;104m=[38;2;229;187;114m=[38;2;215;178;104mx[38;2;227;196;112mx[38;2;239;205;113mx[38;2;234;191;103mx[38;2;222;178;99m=[38;2;221;181;99m=[38;2;220;183;98mx[38;2;184;153;84m8[38;2;201;163;93m8[38;2;206;164;92m8[38;2;216;174;93m8[38;2;230;187;101m8[38;2;246;201;111m8[38;2;249;198;111m8[38;2;243;192;105m8[38;2;235;187;100m8[38;2;228;182;97m8[38;2;229;180;97m8[38;2;226;173;92m8[38;2;197;150;73m8[38;2;240;180;84mx[38;2;238;178;85m=[38;2;208;159;81mx[38;2;215;166;83mx[38;2;228;176;85mx[38;2;191;148;72m8[38;2;224;173;90m8[38;2;238;183;101m8[38;2;242;185;94m8[38;2;232;177;86m#[38;2;250;194;98m#[38;2;246;183;97m#[38;2;235;163;87m#[38;2;233;159;82m#[38;2;249;163;84m8[38;2;246;151;81m8[38;2;244;145;87m8[38;2;229;134;81m8[38;2;228;133;81m8[38;2;232;137;89m#[38;2;252;141;97m#[38;2;250;133;93m#[38;2;247;133;94m#[38;2;254;138;102m#[38;2;248;134;106m@[38;2;247;127;105m@[38;2;241;122;103m@[38;2;255;130;110m#[38;2;250;124;110m#[38;2;244;116;108m#[38;2;241;112;105m#[38;2;251;117;111m#[38;2;240;111;108m@[38;2;238;105;111m@[38;2;248;109;121m#[38;2;246;110;122m#[38;2;247;111;123m#[38;2;243;103;124m#[38;2;231;89;121m#[38;2;240;92;124m8[38;2;248;94;128m8[38;2;236;88;123m#[38;2;252;92;136m8[38;2;244;87;134m8[38;2;240;84;133m8[38;2;237;82;134m8[38;2;226;71;129m8[38;2;212;58;122m8[38;2;211;67;122m8[38;2;226;79;127m8[38;2;240;88;131m8[38;2;242;87;133m8[38;2;240;88;134m8[38;2;238;94;132m8[38;2;230;94;127m8[38;2;231;99;127m8[38;2;238;106;128m#[38;2;235;108;124m@[38;2;245;115;127m@[38;2;249;121;132m@[38;2;250;122;133m@[38;2;252;121;129m@[38;2;250;124;123m@[38;2;246;127;116m@[38;2;245;126;110m@[38;2;239;127;108m@[38;2;251;137;112m#[38;2;249;137;103m#[38;2;241;134;96m@[38;2;246;140;99m@[38;2;237;137;92m@[38;2;239;140;89m@[38;2;248;146;90m@[38;2;247;146;91m@[38;2;242;146;89m@[38;2;245;151;88m@[38;2;252;156;88m@[38;2;255;160;87m@[38;2;253;162;90m@[38;2;250;161;93m#[38;2;216;136;81m8[38;2;204;119;71mx[38;2;203;132;95m=                     [0m
[0;1m   [38;2;194;166;149m:[38;2;174;146;130mx[38;2;175;142;122mx[38;2;201;150;122m=[38;2;217;135;94m*[38;2;162;89;48m*[38;2;167;107;43m*[38;2;185;133;51m*[38;2;192;140;55m*[38;2;203;147;57m*[38;2;215;161;60m*[38;2;218;170;61m*[38;2;218;170;63m*[38;2;214;162;64m*[38;2;203;151;57m*[38;2;212;165;61m*[38;2;214;171;64m*[38;2;197;152;55m*[38;2;181;137;50m*[38;2;183;144;55m*[38;2;191;150;56m*[38;2;172;132;49m*[38;2;217;157;59m:[38;2;200;144;58m*[38;2;228;174;72m*[38;2;217;175;74m*[38;2;226;180;78m*[38;2;234;180;80m*[38;2;218;167;76m*[38;2;196;153;68m*[38;2;201;161;73m*[38;2;208;167;84m+[38;2;226;179;98m+[38;2;226;183;100m+[38;2;234;198;103m+[38;2;232;197;100m+[38;2;224;180;95m+[38;2;221;179;95m+[38;2;240;199;104m+[38;2;222;186;96m=[38;2;218;178;97m=[38;2;228;179;105m=[38;2;215;170;99mx[38;2;237;193;105mx[38;2;187;152;80m8[38;2;212;168;88m8[38;2;226;178;101m8[38;2;229;181;103m8[38;2;228;181;100m8[38;2;229;179;97m8[38;2;234;183;103m8[38;2;235;184;107m8[38;2;211;163;86m8[38;2;187;142;70m8[38;2;236;179;86mx[38;2;248;187;91m=[38;2;250;191;91m+[38;2;236;183;87m+[38;2;227;175;88m=[38;2;227;172;92mx[38;2;178;133;74m8[38;2;189;142;75m8[38;2;207;158;81m8[38;2;239;182;94m8[38;2;244;178;93m8[38;2;235;164;87m8[38;2;234;162;85m8[38;2;232;155;84m8[38;2;225;142;82m8[38;2;204;120;74m8[38;2;190;113;70m8[38;2;196;117;74m8[38;2;225;131;87m8[38;2;235;131;93m#[38;2;243;134;98m#[38;2;239;134;96m#[38;2;240;133;98m#[38;2;243;131;101m#[38;2;254;130;105m8[38;2;251;130;106m8[38;2;235;125;103m#[38;2;246;128;111m#[38;2;250;122;111m#[38;2;244;114;103m#[38;2;250;120;108m#[38;2;252;122;112m#[38;2;247;114;111m#[38;2;235;105;108m#[38;2;237;109;111m#[38;2;248;116;118m#[38;2;246;111;119m#[38;2;232;97;113m#[38;2;243;98;117m8[38;2;236;100;116m#[38;2;247;108;124m#[38;2;241;104;122m#[38;2;249;99;124m8[38;2;247;97;124m8[38;2;254;108;132m8[38;2;236;101;123m#[38;2;246;100;128m8[38;2;234;93;121m8[38;2;236;95;120m8[38;2;241;101;120m8[38;2;235;100;117m8[38;2;235;104;120m8[38;2;243;112;124m8[38;2;246;115;124m8[38;2;252;118;125m8[38;2;244;115;120m#[38;2;249;121;120m#[38;2;252;127;121m#[38;2;237;127;119m@[38;2;238;127;119m@[38;2;238;123;111m@[38;2;254;138;116m#[38;2;252;143;112m#[38;2;252;141;106m#[38;2;248;140;104m#[38;2;245;140;101m#[38;2;247;142;92m#[38;2;238;138;85m@[38;2;238;141;87m@[38;2;241;146;86m#[38;2;236;144;82m#[38;2;239;146;80m#[38;2;238;146;80m#[38;2;237;151;80m#[38;2;245;160;82m#[38;2;245;163;81m@[38;2;255;171;82m@[38;2;253;166;78m@[38;2;238;159;79m@[38;2;238;159;80m8[38;2;186;118;56m8[38;2;197;128;63m=[38;2;214;161;88m*[38;2;247;201;119m*[38;2;236;197;128m+[38;2;212;178;121m*                 [0m
[0;1m  [38;2;188;158;140m*[38;2;169;144;131mx[38;2;166;141;131mx[38;2;172;142;128mx[38;2;204;153;130m*[38;2;160;81;39m:[38;2;183;99;44m:[38;2;207;129;54m:[38;2;200;135;55m:[38;2;113;72;38m:[38;2;144;101;36m:[38;2;243;182;50m:[38;2;218;162;52m:[38;2;213;156;52m:[38;2;214;156;50m:[38;2;220;163;53m:[38;2;213;160;54m:[38;2;192;144;48m:[38;2;167;123;38m:[38;2;198;146;40m:[38;2;162;122;35m*[38;2;189;143;47m:[38;2;171;128;45m:[38;2;182;137;52m:[38;2;184;145;56m*[38;2;198;158;63m*[38;2;172;137;55m*[38;2;172;134;51m*[38;2;178;137;53m*[38;2;170;133;58m*[38;2;229;182;77m:[38;2;216;170;68m:[38;2;158;120;48m*[38;2;200;157;75m*[38;2;233;192;100m*[38;2;244;206;109m*[38;2;212;178;95m+[38;2;220;182;99m+[38;2;221;180;102m+[38;2;224;184;102m+[38;2;222;186;100m+[38;2;242;200;112m*[38;2;248;196;115m*[38;2;236;187;108m+[38;2;220;181;102m=[38;2;207;171;97mx[38;2;240;192;112mx[38;2;198;155;92m8[38;2;197;154;90m#[38;2;217;172;99m8[38;2;220;172;97m8[38;2;224;173;98m8[38;2;225;173;101m8[38;2;211;163;92m8[38;2;184;143;77m#[38;2;194;149;78m8[38;2;175;133;69m8[38;2;214;165;86mx[38;2;219;173;92m=[38;2;247;196;107m+[38;2;230;178;101m=[38;2;240;180;106m=[38;2;192;147;82mx[38;2;213;163;88mx[38;2;181;135;73m8[38;2;203;145;84m#[38;2;239;168;101m8[38;2;237;166;98m8[38;2;232;157;93m8[38;2;224;143;88m8[38;2;221;140;94m8[38;2;197;122;82m8[38;2;195;117;79m8[38;2;228;137;98m8[38;2;237;135;103m#[38;2;236;129;101m#[38;2;250;141;110m8[38;2;253;148;118m8[38;2;239;144;120m#[38;2;249;139;120m8[38;2;239;130;112m8[38;2;237;128;111m8[38;2;244;123;112m8[38;2;248;119;115m8[38;2;245;121;118m8[38;2;255;127;121m8[38;2;239;117;111m#[38;2;252;119;114m8[38;2;240;112;112m8[38;2;240;115;114m8[38;2;250;123;118m8[38;2;235;119;116m#[38;2;228;115;115m#[38;2;232;108;111m8[38;2;243;115;117m8[38;2;255;122;125m8[38;2;250;115;123m8[38;2;248;106;120m8[38;2;254;110;123m8[38;2;241;111;119m#[38;2;244;116;123m#[38;2;239;113;122m#[38;2;249;115;125m8[38;2;232;115;118m#[38;2;238;125;123m#[38;2;237;121;120m#[38;2;235;119;116m#[38;2;236;123;118m#[38;2;236;124;117m#[38;2;236;126;117m#[38;2;240;129;119m#[38;2;243;132;119m#[38;2;246;135;117m#[38;2;250;135;115m#[38;2;252;137;115m#[38;2;252;140;115m#[38;2;248;140;109m#[38;2;245;140;104m#[38;2;246;143;105m#[38;2;241;143;103m#[38;2;236;141;99m#[38;2;233;138;89m#[38;2;231;138;87m#[38;2;235;143;91m8[38;2;208;128;75m8[38;2;206;129;72m8[38;2;224;142;78m8[38;2;229;148;85m8[38;2;224;145;77m8[38;2;231;152;72m8[38;2;243;167;77m#[38;2;246;173;83m@[38;2;239;166;81m@[38;2;242;171;80m#[38;2;245;175;80m8[38;2;203;147;68m#[38;2;229;161;72m=[38;2;213;157;64m*[38;2;240;194;85m*[38;2;223;184;96m+[38;2;207;175;105m=[38;2;221;198;126m*                [0m
[0;1m      [38;2;161;137;113m+[38;2;196;153;100m*[38;2;196;154;100m*[38;2;247;185;112m:[38;2;162;111;61m:[38;2;122;90;102m.[38;2;180;162;128m:[38;2;210;183;123m*[38;2;154;135;103m*[38;2;187;159;107m*[38;2;203;170;98m+[38;2;219;183;106m*[38;2;199;168;104m*[38;2;205;173;108m*[38;2;219;184;108m*[38;2;188;160;101m*[38;2;155;135;97m*[38;2;216;185;110m*[38;2;203;170;88m*[38;2;205;156;47m:[38;2;160;118;32m:[38;2;215;169;66m:[38;2;178;141;56m*[38;2;228;169;52m:[38;2;205;148;35m:[38;2;200;167;69m*[38;2;207;178;83m*[38;2;210;180;87m*[38;2;191;156;67m+[38;2;174;135;52m*[38;2;203;157;54m:[38;2;176;142;48m*[38;2;204;167;64m*[38;2;216;177;82m*[38;2;218;176;90m*[38;2;209;172;92m*[38;2;203;170;92m*[38;2;226;189;97m*[38;2;235;190;99m*[38;2;247;198;111m*[38;2;246;207;119m+[38;2;228;192;116m=[38;2;231;188;119m=[38;2;220;174;107mx[38;2;224;179;107mx[38;2;220;178;106mx[38;2;227;184;109mx[38;2;238;189;111mx[38;2;237;184;108mx[38;2;218;174;100mx[38;2;226;183;108mx[38;2;178;144;90m8[38;2;184;145;89m#[38;2;183;143;84m8[38;2;255;205;119m=[38;2;226;183;109m=[38;2;225;178;108m=[38;2;222;169;98m=[38;2;230;181;100m+[38;2;238;189;105m+[38;2;206;158;93mx[38;2;241;180;115mx[38;2;253;189;122mx[38;2;251;190;119mx[38;2;254;190;121mx[38;2;179;130;88m8[38;2;178;126;92m8[38;2;225;157;113mx[38;2;209;141;103mx[38;2;223;146;116mx[38;2;186;115;97m8[38;2;189;114;94m#[38;2;197;121;99m8[38;2;207;127;108m8[38;2;208;124;112m#[38;2;224;121;113m8[38;2;218;117;108m8[38;2;216;119;108m8[38;2;218;117;109m8[38;2;195;99;99m#[38;2;195;96;100m8[38;2;190;100;99m8[38;2;192;105;100m8[38;2;201;107;103m8[38;2;195;99;99m#[38;2;226;112;112m8[38;2;243;121;117m8[38;2;237;124;118m#[38;2;240;129;124m#[38;2;233;118;116m#[38;2;233;115;113m#[38;2;231;112;111m#[38;2;233;115;116m8[38;2;222;108;114m8[38;2;218;106;109m8[38;2;213;106;104m8[38;2;218;108;105m8[38;2;227;110;112m8[38;2;224;113;113m8[38;2;242;132;125m8[38;2;243;138;127m#[38;2;251;139;129m#[38;2;252;136;126m#[38;2;246;135;123m#[38;2;230;129;116m#[38;2;235;133;118m8[38;2;236;130;113m8[38;2;244;137;118m8[38;2;244;141;119m8[38;2;205;118;98m#[38;2;194;114;94m8[38;2;189;115;94m8[38;2;208;128;99m8[38;2;204;126;94m#[38;2;185;116;86m#[38;2;180;114;82m8[38;2;241;155;109mx[38;2;236;156;109mx[38;2;245;165;113mx[38;2;241;164;107mx[38;2;219;153;92mx[38;2;218;155;89mx[38;2;234;166;99mx[38;2;239;170;102mx[38;2;234;168;90mx[38;2;232;170;82mx[38;2;241;179;89mx[38;2;181;134;68m8[38;2;195;146;71m8[38;2;198;154;72m8[38;2;204;161;72m8[38;2;208;162;70m8[38;2;188;145;63m8[38;2;212;167;68mx[38;2;242;197;71m*[38;2;197;162;70m:[38;2;160;137;78m*[38;2;231;204;104m=[38;2;181;168;106m*               [0m
[0;1m          [38;2;109;94;75m*[38;2;153;135;109m+[38;2;221;197;154m:            [38;2;150;133;98m*[38;2;215;190;133m*  [38;2;190;162;92m:[38;2;219;195;124m*[38;2;110;93;36m:   [38;2;244;213;127m:[38;2;196;176;112m+[38;2;202;177;101m+[38;2;220;188;95m*[38;2;153;126;49m*[38;2;201;171;83m*[38;2;209;179;86m*[38;2;173;147;68m+[38;2;179;149;59m*[38;2;182;146;51m*[38;2;215;173;69m*[38;2;212;171;78m*[38;2;192;154;74m+[38;2;237;188;96m+[38;2;242;188;95m*[38;2;206;165;80m*[38;2;191;156;76m*[38;2;181;145;74m*[38;2;211;164;87m*[38;2;255;202;101m*[38;2;249;204;101m*[38;2;214;174;92m+[38;2;226;178;104m+[38;2;247;196;114mx[38;2;244;194;107mx[38;2;219;170;89m=[38;2;207;161;88m=[38;2;211;165;94m=[38;2;197;151;85m=[38;2;250;198;107m*[38;2;236;190;105m*[38;2;232;179;107m*[38;2;247;186;113m*[38;2;227;172;106m+[38;2;214;164;106m=[38;2;237;180;124m=[38;2;214;159;117mx[38;2;214;156;116mx[38;2;233;168;125m=[38;2;251;179;136m+[38;2;219;147;119m=[38;2;237;150;127m=[38;2;202;127;107mx[38;2;198;126;106mx[38;2;220;134;120mx[38;2;178;103;97m8[38;2;185;104;100m8[38;2;183;103;98m8[38;2;179;101;95m8[38;2;253;138;137mx[38;2;246;125;134mx[38;2;242;121;130mx[38;2;239;132;133mx[38;2;235;138;136mx[38;2;231;127;133mx[38;2;248;122;136mx[38;2;196;97;104m8[38;2;207;109;110m#[38;2;236;132;130m#[38;2;237;133;132m@[38;2;235;124;125m@[38;2;239;126;126m@[38;2;237;125;124m@[38;2;235;121;123m#[38;2;220;109;113m8[38;2;205;104;106m8[38;2;216;119;114m8[38;2;225;127;119m8[38;2;204;111;106m#[38;2;189;98;97m#[38;2;219;115;111m8[38;2;244;133;125m8[38;2;244;135;125m#[38;2;241;136;126m@[38;2;245;142;130m@[38;2;252;145;133m#[38;2;250;142;130m8[38;2;224;125;111m8[38;2;220;127;110m8[38;2;196;118;100m#[38;2;180;110;90m8[38;2;207;129;104mx[38;2;229;150;119m=[38;2;252;168;130m=[38;2;234;158;120mx[38;2;162;110;83m8[38;2;215;149;106mx[38;2;239;169;117m=[38;2;231;169;118m=[38;2;231;169;115m=[38;2;221;162;101m=[38;2;233;180;105m+[38;2;229;181;105m+[38;2;209;161;99m=[38;2;223;171;105m=[38;2;250;201;112m+[38;2;238;197;102m+[38;2;241;194;103m+[38;2;225;173;89m=[38;2;243;190;89m=[38;2;242;203;95m=[38;2;221;187;86mx[38;2;177;146;64m8[38;2;198;162;68m#[38;2;185;153;62m8[38;2;237;199;72m+[38;2;169;145;45m+[38;2;186;159;53m*[38;2;193;167;71m*[38;2;208;184;99m+[38;2;238;211;116m:              [0m
[0;1m          [38;2;80;77;68m:[38;2;208;183;140m:[38;2;185;155;106m.            [38;2;206;206;215m.[38;2;238;221;169m:  [38;2;145;146;121m.[38;2;206;198;151m:    [38;2;206;201;160m.[38;2;173;161;117m*[38;2;206;188;133m:[38;2;228;204;138m:[38;2;190;171;113m+[38;2;165;148;81m:[38;2;157;136;63m:[38;2;141;120;46m:[38;2;164;144;78m*[38;2;218;196;121m*[38;2;198;177;111m*[38;2;212;186;114m*[38;2;205;176;105m*[38;2;191;149;61m:[38;2;180;154;90m+[38;2;191;167;99m+[38;2;167;147;86m+[38;2;171;149;91m+[38;2;185;161;106m+[38;2;201;176;116m+[38;2;208;180;108m+[38;2;205;173;95m+[38;2;243;198;106m*[38;2;183;147;73m*[38;2;220;186;110m*[38;2;229;197;130m+[38;2;201;172;122m+[38;2;214;177;124m*[38;2;237;185;95m*[38;2;239;192;97m*[38;2;203;161;71m*[38;2;168;126;48m*[38;2;171;123;50m*[38;2;198;144;69m*[38;2;222;162;91m*[38;2;233;164;104m*[38;2;200;135;98m+[38;2;241;168;122m+[38;2;223;155;113m+[38;2;204;138;102m+[38;2;214;138;103m+[38;2;208;126;100m+[38;2;228;132;113m*[38;2;231;132;116m*[38;2;194;108;99m+[38;2;202;108;105m+[38;2;235;130;131m+[38;2;219;121;121m=[38;2;227;123;122m=[38;2;236;118;127m=[38;2;251;118;136m=[38;2;221;108;118mx[38;2;215;112;117mx[38;2;207;112;114mx[38;2;248;126;137m=[38;2;250;120;135m=[38;2;224;115;122mx[38;2;174;97;97m8[38;2;194;110;110m8[38;2;210;115;119m8[38;2;220;115;120m8[38;2;219;118;119m#[38;2;230;128;126m#[38;2;249;137;135m8[38;2;225;116;120m8[38;2;202;104;107m8[38;2;193;106;102m8[38;2;181;103;95m8[38;2;241;135;126mx[38;2;233;121;120mx[38;2;181;98;93m8[38;2;208;117;108m8[38;2;209;116;107m#[38;2;215;121;112m#[38;2;233;136;125m8[38;2;229;132;121m8[38;2;215;123;112m8[38;2;185;110;98m8[38;2;243;149;128mx[38;2;217;135;112mx[38;2;222;136;110m=[38;2;220;136;106m+[38;2;242;157;116m*[38;2;232;155;112m*[38;2;243;162;115m*[38;2;243;162;111m+[38;2;220;149;99m+[38;2;245;171;110m*[38;2;213;152;96m+[38;2;217;156;97m+[38;2;242;179;106m*[38;2;182;142;77m+[38;2;220;172;87m*[38;2;234;177;88m*[38;2;209;161;77m+[38;2;224;177;84m*[38;2;197;158;75m*[38;2;214;168;75m*[38;2;199;152;64m+[38;2;200;155;63m+[38;2;229;189;71m*[38;2;215;179;71m*[38;2;185;149;65m+[38;2;225;184;75mx[38;2;226;187;73mx[38;2;214;179;63m+[38;2;177;147;41m+[38;2;179;142;33m*[38;2;196;149;40m:[38;2;189;160;61m+[38;2;224;198;98m+              [0m
[0;1m                                       [38;2;192;178;135m*   [38;2;164;152;110m:[38;2;176;167;136m*[38;2;170;169;165m:[38;2;172;164;127m*[38;2;225;214;168m: [38;2;227;212;158m:[38;2;197;181;131m*[38;2;170;156;112m*[38;2;195;182;128m*[38;2;196;185;139m*[38;2;164;154;130m*[38;2;160;148;110m*[38;2;162;144;95m*[38;2;187;164;104m*[38;2;16;15;12m.[38;2;131;143;150m.[38;2;238;232;194m:[38;2;174;172;151m*[38;2;201;192;164m+[38;2;213;187;128m*[38;2;217;179;86m:[38;2;180;151;76m*[38;2;212;176;80m*[38;2;177;145;69m+[38;2;211;177;96m*[38;2;207;176;99m*[38;2;192;159;95m*[38;2;185;143;97m*[38;2;234;179;132m*[38;2;198;154;121m*[38;2;166;128;107m*[38;2;184;131;107m*[38;2;206;141;120m*[38;2;168;112;104m+[38;2;192;121;117m*[38;2;183;111;113m*[38;2;181;106;115m*[38;2;216;118;131m*[38;2;210;117;126m+[38;2;201;117;121m=[38;2;218;124;132m=[38;2;231;127;141m=[38;2;235;130;142m=[38;2;225;128;136m=[38;2;224;132;137m=[38;2;249;145;150m=[38;2;240;145;148m=[38;2;231;143;143m=[38;2;237;146;142m=[38;2;194;117;115mx[38;2;240;140;144m=[38;2;234;138;142mx[38;2;181;109;107m8[38;2;194;121;114m8[38;2;200;129;120m8[38;2;202;127;123m8[38;2;188;115;113m8[38;2;228;141;130mx[38;2;222;138;122m=[38;2;220;136;125m+[38;2;228;144;135m+[38;2;238;159;145m=[38;2;234;158;142mx[38;2;169;109;98m8[38;2;166;104;95m8[38;2;161;105;94m8[38;2;224;145;129mx[38;2;216;140;124mx[38;2;245;170;151m=[38;2;220;153;133m=[38;2;227;159;136m+[38;2;224;149;126m:[38;2;190;131;104m:[38;2;174;130;101m+[38;2;210;157;117m*[38;2;183;137;99m+[38;2;230;173;116m*[38;2;241;188;140m:[38;2;204;168;124m:[38;2;190;155;95m*[38;2;194;157;94m+[38;2;195;160;99m+[38;2;231;194;113m*[38;2;227;189;103m*[38;2;219;180;91m*[38;2;181;149;80m*[38;2;174;146;81m*[38;2;183;157;85m*[38;2;191;163;80m*[38;2;165;140;63m+[38;2;197;169;78m*[38;2;169;144;72m*[38;2;212;177;92m:[38;2;137;112;56m*[38;2;215;178;79m+[38;2;254;214;93m+[38;2;196;167;78m+[38;2;145;121;72m*[38;2;199;162;107m:[38;2;196;167;78m+[38;2;154;132;51m*[38;2;204;182;82m:[38;2;194;176;108m:[38;2;195;181;120m=[38;2;185;174;113m*           [0m
[0;1m                                                              [38;2;211;199;150m+[38;2;186;186;188m: [38;2;135;127;111m:[38;2;240;219;149m:[38;2;174;157;96m*[38;2;185;168;112m*[38;2;187;170;117m*[38;2;187;169;118m*[38;2;187;163;115m*[38;2;183;151;113m*[38;2;140;121;106m*[38;2;177;156;155m:[38;2;221;171;160m:[38;2;170;128;115m*[38;2;226;178;171m:[38;2;198;153;156m:[38;2;230;172;182m:[38;2;199;145;154m*[38;2;203;140;145m*[38;2;206;140;144m*[38;2;209;145;150m*[38;2;199;137;147m*[38;2;189;133;145m*[38;2;203;146;154m*[38;2;226;162;168m*[38;2;242;171;177m*[38;2;237;166;173m*[38;2;215;156;163m*[38;2;206;151;155m*[38;2;212;154;154m*[38;2;221;162;160m*[38;2;239;177;175m*[38;2;224;164;160m+[38;2;206;151;144m=[38;2;209;154;144m=[38;2;194;144;134m=[38;2;228;167;154m+[38;2;210;152;139m=[38;2;212;155;142m=[38;2;225;167;154m+[38;2;216;164;152m*[38;2;174;136;129m*[38;2;176;139;131m*[38;2;195;153;143m*[38;2;204;159;148m*[38;2;231;180;165m*[38;2;214;166;150m+[38;2;205;156;141m+[38;2;230;173;159m*[38;2;225;177;165m*[38;2;206;161;149m*[38;2;206;167;153m*  [38;2;184;153;128m*[38;2;190;157;128m*[38;2;214;181;147m*[38;2;199;174;134m*[38;2;151;141;122m*[38;2;141;133;113m*[38;2;183;161;110m*[38;2;211;180;111m*[38;2;201;175;111m*[38;2;187;168;107m*[38;2;177;161;106m*[38;2;167;151;104m*[38;2;153;145;144m:[38;2;198;190;158m:[38;2;188;176;116m*[38;2;201;183;112m*[38;2;199;180;104m*[38;2;177;164;101m*[38;2;186;173;139m:[38;2;135;122;93m*[38;2;196;174;100m*[38;2;199;179;90m*[38;2;190;172;87m*[38;2;181;164;94m*[38;2;217;200;149m:[38;2;156;147;122m*[38;2;198;189;127m*[38;2;0;0;14m.  [38;2;165;155;106m*[38;2;174;163;111m*           [0m
[0;1m                                                                                                                                                                [0m
